request_id,department,task_type,corridor_name,line_type,longitude,latitude,defect_severity,backlog_age_days,required_duration_mins,timestamp
REQ-IR-2026-0001,TMS,USFD Rail Flaw Testing,Pune - Daund Line,UP Line,74.0243176,18.5150626,3,22,120,2026-08-15T04:06:12.766246
REQ-IR-2026-0002,SMMS,Signal Point Testing & Interlocking,Pune - Lonavala Line,Yard Siding,73.6607893,18.6320506,2,11,60,2026-08-26T17:19:12.766246
REQ-IR-2026-0003,TMS,Deep Screening & Tamping,Pune - Miraj Line,Yard Siding,74.2882739,17.5471429,1,18,240,2026-08-19T06:48:12.766246
REQ-IR-2026-0004,TMS,USFD Rail Flaw Testing,Pune - Lonavala Line,Yard Siding,73.4226202,18.7466264,1,11,120,2026-08-26T12:48:12.766246
REQ-IR-2026-0005,TDMS,OHE Insulation & Cantilever Testing,Pune - Daund Line,UP Line,74.5799817,18.4634159,1,22,180,2026-08-15T01:02:12.766246
REQ-IR-2026-0006,SMMS,Signal Point Testing & Interlocking,Pune - Daund Line,UP Line,74.0932287,18.5084346,3,9,60,2026-08-28T03:43:12.766246
REQ-IR-2026-0007,TMS,USFD Rail Flaw Testing,Pune - Daund Line,UP Line,74.0445828,18.5131657,5,5,120,2026-08-31T19:56:12.766246
REQ-IR-2026-0008,TDMS,OHE Insulation & Cantilever Testing,Pune - Miraj Line,DOWN Line,74.2447572,17.6508587,3,21,180,2026-08-16T14:41:12.766246
REQ-IR-2026-0009,SMMS,Block Instrument Maintenance,Pune - Lonavala Line,UP Line,73.5033674,18.7076707,4,2,45,2026-09-04T09:18:12.766246
REQ-IR-2026-0010,TDMS,OHE Insulation & Cantilever Testing,Pune - Lonavala Line,UP Line,73.4494197,18.7337592,4,3,180,2026-09-03T03:54:12.766246
REQ-IR-2026-0011,TMS,USFD Rail Flaw Testing,Pune - Daund Line,DOWN Line,74.2504918,18.4939751,2,23,120,2026-08-14T13:50:12.766246
REQ-IR-2026-0012,SMMS,Axle Counter & Track Circuit Check,Pune - Miraj Line,Yard Siding,74.4572124,17.1473812,1,11,90,2026-08-26T12:58:12.766246
REQ-IR-2026-0013,TMS,Deep Screening & Tamping,Pune - Miraj Line,UP Line,74.1363174,17.9082111,1,17,240,2026-08-20T03:18:12.766246
REQ-IR-2026-0014,SMMS,Signal Point Testing & Interlocking,Pune - Lonavala Line,Yard Siding,73.5988994,18.6616994,2,21,60,2026-08-16T13:11:12.766246
REQ-IR-2026-0015,SMMS,Signal Point Testing & Interlocking,Pune - Lonavala Line,DOWN Line,73.4765939,18.720392,1,20,60,2026-08-17T05:42:12.766246
REQ-IR-2026-0016,TMS,USFD Rail Flaw Testing,Pune - Lonavala Line,DOWN Line,73.7807044,18.5740657,3,13,120,2026-08-23T20:25:12.768257
REQ-IR-2026-0017,SMMS,Axle Counter & Track Circuit Check,Pune - Miraj Line,UP Line,73.9319878,18.3924529,3,19,90,2026-08-18T16:57:12.768257
REQ-IR-2026-0018,SMMS,Signal Point Testing & Interlocking,Pune - Miraj Line,DOWN Line,74.0987316,17.9971279,4,1,60,2026-09-05T10:55:12.768257
REQ-IR-2026-0019,TMS,USFD Rail Flaw Testing,Pune - Miraj Line,UP Line,73.9152613,18.4319617,1,22,120,2026-08-14T20:10:12.768257
REQ-IR-2026-0020,SMMS,Signal Point Testing & Interlocking,Pune - Daund Line,DOWN Line,74.1055232,18.5075568,2,17,60,2026-08-20T16:55:12.768257
REQ-IR-2026-0021,TDMS,Neutral Section Inspection,Pune - Lonavala Line,Yard Siding,73.4606548,18.7280928,1,12,90,2026-08-24T23:22:12.768257
REQ-IR-2026-0022,TDMS,OHE Insulation & Cantilever Testing,Pune - Miraj Line,DOWN Line,74.5017135,17.041534,2,25,180,2026-08-12T18:16:12.768257
REQ-IR-2026-0023,TDMS,OHE Insulation & Cantilever Testing,Pune - Miraj Line,Yard Siding,74.012549,18.2014661,1,19,180,2026-08-18T06:39:12.768257
REQ-IR-2026-0024,TMS,Rail Joint Welding Inspection,Pune - Miraj Line,UP Line,74.2176249,17.7152312,1,3,90,2026-09-02T23:09:12.768257
REQ-IR-2026-0025,TMS,USFD Rail Flaw Testing,Pune - Lonavala Line,Yard Siding,73.6903391,18.6175746,3,17,120,2026-08-20T17:14:12.768257
REQ-IR-2026-0026,SMMS,Axle Counter & Track Circuit Check,Pune - Lonavala Line,UP Line,73.6918009,18.6166338,2,14,90,2026-08-23T06:41:12.768257
REQ-IR-2026-0027,TDMS,Neutral Section Inspection,Pune - Lonavala Line,UP Line,73.4307017,18.7426961,3,27,90,2026-08-10T16:29:12.768257
REQ-IR-2026-0028,TDMS,OHE Insulation & Cantilever Testing,Pune - Lonavala Line,Yard Siding,73.8629847,18.5343419,3,25,180,2026-08-12T10:01:12.768257
REQ-IR-2026-0029,SMMS,Signal Point Testing & Interlocking,Pune - Miraj Line,DOWN Line,74.3921723,17.3010334,3,15,60,2026-08-22T09:47:12.768257
REQ-IR-2026-0030,TDMS,Substation Transformer Testing,Pune - Miraj Line,Yard Siding,74.4339747,17.2022525,1,21,120,2026-08-16T08:10:12.768257
REQ-IR-2026-0031,TDMS,Neutral Section Inspection,Pune - Daund Line,DOWN Line,74.4870247,18.4719262,1,16,90,2026-08-21T17:55:12.768257
REQ-IR-2026-0032,TMS,USFD Rail Flaw Testing,Pune - Miraj Line,Yard Siding,74.3558105,17.3871264,3,18,120,2026-08-19T07:33:12.768257
REQ-IR-2026-0033,TMS,USFD Rail Flaw Testing,Pune - Miraj Line,DOWN Line,74.2020537,17.7525012,1,10,120,2026-08-27T08:59:12.768257
REQ-IR-2026-0034,SMMS,Signal Point Testing & Interlocking,Pune - Daund Line,DOWN Line,74.1279691,18.5053387,1,20,60,2026-08-16T22:37:12.768257
REQ-IR-2026-0035,SMMS,Block Instrument Maintenance,Pune - Lonavala Line,DOWN Line,73.4268636,18.7443659,1,18,45,2026-08-19T16:00:12.768257
REQ-IR-2026-0036,TMS,USFD Rail Flaw Testing,Pune - Daund Line,Yard Siding,73.9080002,18.5259542,5,1,120,2026-09-05T00:15:12.768257
REQ-IR-2026-0037,TMS,Deep Screening & Tamping,Pune - Miraj Line,UP Line,74.5186275,17.0014444,3,7,240,2026-08-30T09:35:12.768257
REQ-IR-2026-0038,SMMS,Block Instrument Maintenance,Pune - Miraj Line,UP Line,74.5145792,17.0111629,4,3,45,2026-09-03T09:46:12.768257
REQ-IR-2026-0039,TMS,Rail Joint Welding Inspection,Pune - Daund Line,Yard Siding,74.3828434,18.4814971,3,24,90,2026-08-13T15:17:12.768257
REQ-IR-2026-0040,TDMS,OHE Insulation & Cantilever Testing,Pune - Miraj Line,UP Line,74.4474284,17.1702397,1,18,180,2026-08-19T00:06:12.768257
REQ-IR-2026-0041,TMS,USFD Rail Flaw Testing,Pune - Miraj Line,DOWN Line,74.0187152,18.186629,1,16,120,2026-08-21T03:02:12.768257
REQ-IR-2026-0042,TDMS,OHE Insulation & Cantilever Testing,Pune - Miraj Line,Yard Siding,74.0355018,18.1472238,1,23,180,2026-08-14T04:04:12.768257
REQ-IR-2026-0043,SMMS,Signal Point Testing & Interlocking,Pune - Lonavala Line,UP Line,73.763224,18.5822793,5,1,60,2026-09-04T21:01:12.768257
REQ-IR-2026-0044,SMMS,Axle Counter & Track Circuit Check,Pune - Lonavala Line,Yard Siding,73.5357036,18.6920119,1,18,90,2026-08-19T15:37:12.768257
REQ-IR-2026-0045,TMS,Deep Screening & Tamping,Pune - Lonavala Line,Yard Siding,73.7456608,18.5910718,2,19,240,2026-08-18T13:25:12.768257
REQ-IR-2026-0046,TDMS,Substation Transformer Testing,Pune - Daund Line,DOWN Line,73.9784863,18.5193679,1,21,120,2026-08-16T11:01:12.768257
REQ-IR-2026-0047,SMMS,Signal Point Testing & Interlocking,Pune - Miraj Line,UP Line,74.4454259,17.1750843,4,4,60,2026-09-02T08:53:12.768257
REQ-IR-2026-0048,SMMS,Signal Point Testing & Interlocking,Pune - Lonavala Line,DOWN Line,73.7021159,18.6117948,4,1,60,2026-09-05T19:29:12.768257
REQ-IR-2026-0049,TMS,Deep Screening & Tamping,Pune - Daund Line,DOWN Line,73.9957733,18.5175133,3,5,240,2026-09-01T03:03:12.768257
REQ-IR-2026-0050,SMMS,Axle Counter & Track Circuit Check,Pune - Miraj Line,UP Line,74.3594259,17.3792779,5,1,90,2026-09-04T23:21:12.768257
REQ-IR-2026-0051,TMS,USFD Rail Flaw Testing,Pune - Miraj Line,UP Line,74.1015769,17.9904992,4,1,120,2026-09-05T10:50:12.768257
REQ-IR-2026-0052,TDMS,Neutral Section Inspection,Pune - Daund Line,UP Line,74.5556577,18.4655124,1,26,90,2026-08-11T05:53:12.768257
REQ-IR-2026-0053,TMS,Deep Screening & Tamping,Pune - Daund Line,Yard Siding,73.9624006,18.5208415,2,22,240,2026-08-15T02:04:12.768257
REQ-IR-2026-0054,TMS,Deep Screening & Tamping,Pune - Miraj Line,DOWN Line,74.0295149,18.1608028,1,19,240,2026-08-18T04:36:12.768257
REQ-IR-2026-0055,TDMS,Neutral Section Inspection,Pune - Lonavala Line,UP Line,73.7126668,18.6066846,1,25,90,2026-08-12T18:29:12.768257
REQ-IR-2026-0056,TMS,Rail Joint Welding Inspection,Pune - Lonavala Line,Yard Siding,73.732614,18.597415,2,24,90,2026-08-12T21:17:12.768257
REQ-IR-2026-0057,TMS,USFD Rail Flaw Testing,Pune - Daund Line,UP Line,74.3131363,18.488164,2,10,120,2026-08-27T02:53:12.768257
REQ-IR-2026-0058,SMMS,Axle Counter & Track Circuit Check,Pune - Miraj Line,DOWN Line,74.0137999,18.1987115,1,20,90,2026-08-17T18:27:12.768257
REQ-IR-2026-0059,TMS,Deep Screening & Tamping,Pune - Lonavala Line,UP Line,73.6286178,18.6474428,3,17,240,2026-08-20T08:31:12.768257
REQ-IR-2026-0060,TMS,Deep Screening & Tamping,Pune - Daund Line,DOWN Line,74.3496976,18.4845854,2,21,240,2026-08-16T07:59:12.768257
REQ-IR-2026-0061,TMS,USFD Rail Flaw Testing,Pune - Daund Line,DOWN Line,74.5518186,18.4658698,2,17,120,2026-08-20T09:27:12.768257
REQ-IR-2026-0062,SMMS,Axle Counter & Track Circuit Check,Pune - Miraj Line,UP Line,73.9059289,18.4539582,1,37,90,2026-07-31T09:23:12.768257
REQ-IR-2026-0063,SMMS,Axle Counter & Track Circuit Check,Pune - Miraj Line,Yard Siding,74.0225177,18.1778983,1,15,90,2026-08-22T02:00:12.768257
REQ-IR-2026-0064,TMS,USFD Rail Flaw Testing,Pune - Miraj Line,DOWN Line,74.5403178,16.9500117,2,20,120,2026-08-17T18:58:12.768257
REQ-IR-2026-0065,TMS,Deep Screening & Tamping,Pune - Miraj Line,UP Line,74.5666655,16.8878523,2,21,240,2026-08-16T15:40:12.768257
REQ-IR-2026-0066,SMMS,Axle Counter & Track Circuit Check,Pune - Daund Line,DOWN Line,74.3753963,18.4822779,1,28,90,2026-08-09T04:58:12.768257
REQ-IR-2026-0067,TMS,USFD Rail Flaw Testing,Pune - Miraj Line,Yard Siding,74.4325972,17.2056442,2,20,120,2026-08-16T20:55:12.768257
REQ-IR-2026-0068,TMS,Deep Screening & Tamping,Pune - Lonavala Line,UP Line,73.5283886,18.6954188,3,34,240,2026-08-03T14:43:12.768257
REQ-IR-2026-0069,TMS,Rail Joint Welding Inspection,Pune - Daund Line,Yard Siding,73.8749886,18.5287051,3,23,90,2026-08-14T15:34:12.768257
REQ-IR-2026-0070,TDMS,OHE Insulation & Cantilever Testing,Pune - Miraj Line,Yard Siding,73.9431474,18.3656718,2,4,180,2026-09-02T12:19:12.768257
REQ-IR-2026-0071,TDMS,Neutral Section Inspection,Pune - Daund Line,Yard Siding,73.9978313,18.5175159,1,17,90,2026-08-20T08:03:12.768257
REQ-IR-2026-0072,TMS,USFD Rail Flaw Testing,Pune - Daund Line,UP Line,74.2032451,18.4984587,1,19,120,2026-08-18T17:53:12.768257
REQ-IR-2026-0073,TMS,Rail Joint Welding Inspection,Pune - Miraj Line,Yard Siding,74.2165252,17.7181253,1,14,90,2026-08-23T07:47:12.768257
REQ-IR-2026-0074,TMS,Deep Screening & Tamping,Pune - Daund Line,Yard Siding,74.0271013,18.5146795,1,12,240,2026-08-25T13:48:12.768257
REQ-IR-2026-0075,TMS,Deep Screening & Tamping,Pune - Miraj Line,UP Line,74.2295927,17.687099,1,12,240,2026-08-25T04:17:12.768257
REQ-IR-2026-0076,TMS,USFD Rail Flaw Testing,Pune - Miraj Line,Yard Siding,74.5583201,16.9071323,2,14,120,2026-08-22T23:30:12.768257
REQ-IR-2026-0077,TMS,USFD Rail Flaw Testing,Pune - Lonavala Line,Yard Siding,73.5043581,18.7072855,4,3,120,2026-09-03T00:01:12.768257
REQ-IR-2026-0078,TMS,Rail Joint Welding Inspection,Pune - Daund Line,Yard Siding,74.4810116,18.4725931,1,32,90,2026-08-05T11:17:12.768257
REQ-IR-2026-0079,SMMS,Signal Point Testing & Interlocking,Pune - Lonavala Line,DOWN Line,73.4828274,18.717406,1,26,60,2026-08-11T15:14:12.768257
REQ-IR-2026-0080,TMS,USFD Rail Flaw Testing,Pune - Miraj Line,UP Line,74.145493,17.88591,1,27,120,2026-08-10T15:20:12.768257
REQ-IR-2026-0081,SMMS,Signal Point Testing & Interlocking,Pune - Miraj Line,UP Line,74.3991371,17.2847946,2,15,60,2026-08-22T16:02:12.768257
REQ-IR-2026-0082,SMMS,Axle Counter & Track Circuit Check,Pune - Lonavala Line,Yard Siding,73.7077194,18.6091039,1,22,90,2026-08-15T04:08:12.768257
REQ-IR-2026-0083,SMMS,Signal Point Testing & Interlocking,Pune - Lonavala Line,Yard Siding,73.6118955,18.6551991,2,18,60,2026-08-19T16:09:12.768257
REQ-IR-2026-0084,TDMS,OHE Insulation & Cantilever Testing,Pune - Lonavala Line,DOWN Line,73.7384555,18.5945059,5,1,180,2026-09-05T17:14:12.768257
REQ-IR-2026-0085,TMS,Rail Joint Welding Inspection,Pune - Miraj Line,UP Line,73.9526619,18.3433868,1,22,90,2026-08-14T21:15:12.768257
REQ-IR-2026-0086,SMMS,Signal Point Testing & Interlocking,Pune - Miraj Line,Yard Siding,73.9102753,18.4434993,1,22,60,2026-08-15T09:40:12.768257
REQ-IR-2026-0087,SMMS,Signal Point Testing & Interlocking,Pune - Miraj Line,Yard Siding,73.9421725,18.3684449,1,29,60,2026-08-08T04:13:12.768257
REQ-IR-2026-0088,SMMS,Signal Point Testing & Interlocking,Pune - Miraj Line,DOWN Line,74.1818735,17.7996238,3,21,60,2026-08-16T18:06:12.768257
REQ-IR-2026-0089,TMS,USFD Rail Flaw Testing,Pune - Daund Line,DOWN Line,74.1662592,18.5018262,1,17,120,2026-08-20T06:33:12.768257
REQ-IR-2026-0090,TDMS,OHE Insulation & Cantilever Testing,Pune - Daund Line,UP Line,74.4906353,18.4714058,1,7,180,2026-08-30T11:07:12.768257
REQ-IR-2026-0091,TMS,USFD Rail Flaw Testing,Pune - Miraj Line,DOWN Line,73.9737097,18.2937861,1,18,120,2026-08-19T18:49:12.768257
REQ-IR-2026-0092,TMS,Rail Joint Welding Inspection,Pune - Daund Line,UP Line,74.5145852,18.4694281,1,19,90,2026-08-18T19:14:12.768257
REQ-IR-2026-0093,TMS,USFD Rail Flaw Testing,Pune - Miraj Line,UP Line,74.216197,17.7186631,1,26,120,2026-08-11T12:28:12.768257
REQ-IR-2026-0094,TMS,Deep Screening & Tamping,Pune - Lonavala Line,Yard Siding,73.5946564,18.6638833,1,26,240,2026-08-11T02:03:12.768257
REQ-IR-2026-0095,SMMS,Block Instrument Maintenance,Pune - Daund Line,UP Line,74.5742084,18.4635631,1,23,45,2026-08-13T19:59:12.768257
REQ-IR-2026-0096,TDMS,OHE Insulation & Cantilever Testing,Pune - Miraj Line,DOWN Line,74.2958615,17.5297258,1,10,180,2026-08-27T07:30:12.768257
REQ-IR-2026-0097,TMS,Deep Screening & Tamping,Pune - Miraj Line,DOWN Line,74.1869864,17.7879733,2,28,240,2026-08-09T12:02:12.768257
REQ-IR-2026-0098,TMS,Deep Screening & Tamping,Pune - Daund Line,Yard Siding,74.071665,18.5107252,5,4,240,2026-09-01T21:02:12.768257
REQ-IR-2026-0099,TMS,Rail Joint Welding Inspection,Pune - Daund Line,UP Line,74.4435475,18.4760332,2,26,90,2026-08-11T05:55:12.768257
REQ-IR-2026-0100,SMMS,Signal Point Testing & Interlocking,Pune - Daund Line,Yard Siding,74.5077183,18.4698472,2,20,60,2026-08-17T07:11:12.768257
REQ-IR-2026-0101,TMS,Rail Joint Welding Inspection,Pune - Daund Line,DOWN Line,74.0184275,18.5156789,2,12,90,2026-08-24T22:13:12.768257
REQ-IR-2026-0102,TDMS,Neutral Section Inspection,Pune - Lonavala Line,UP Line,73.7473244,18.5900407,3,13,90,2026-08-24T03:01:12.768257
REQ-IR-2026-0103,TMS,Deep Screening & Tamping,Pune - Lonavala Line,DOWN Line,73.6863071,18.6197039,1,17,240,2026-08-20T01:09:12.768257
REQ-IR-2026-0104,SMMS,Signal Point Testing & Interlocking,Pune - Daund Line,DOWN Line,74.0601128,18.5115453,1,25,60,2026-08-12T13:53:12.768257
REQ-IR-2026-0105,TMS,Deep Screening & Tamping,Pune - Miraj Line,UP Line,74.1183767,17.950744,3,11,240,2026-08-26T02:06:12.768257
REQ-IR-2026-0106,SMMS,Signal Point Testing & Interlocking,Pune - Lonavala Line,UP Line,73.5316444,18.6938851,1,9,60,2026-08-28T18:39:12.768257
REQ-IR-2026-0107,TMS,USFD Rail Flaw Testing,Pune - Miraj Line,UP Line,74.3717625,17.3495529,1,18,120,2026-08-19T08:16:12.768257
REQ-IR-2026-0108,TMS,USFD Rail Flaw Testing,Pune - Miraj Line,UP Line,74.2635709,17.6062989,1,20,120,2026-08-16T20:52:12.768257
REQ-IR-2026-0109,SMMS,Block Instrument Maintenance,Pune - Daund Line,UP Line,74.4425476,18.4759463,3,18,45,2026-08-19T10:53:12.768257
REQ-IR-2026-0110,TMS,USFD Rail Flaw Testing,Pune - Lonavala Line,UP Line,73.651795,18.6361505,1,30,120,2026-08-07T04:00:12.768257
REQ-IR-2026-0111,TMS,Deep Screening & Tamping,Pune - Miraj Line,UP Line,74.2468937,17.646099,1,19,240,2026-08-18T19:00:12.768257
REQ-IR-2026-0112,TMS,Deep Screening & Tamping,Pune - Miraj Line,UP Line,74.2532021,17.6303713,2,20,240,2026-08-16T22:08:12.768257
REQ-IR-2026-0113,TDMS,OHE Insulation & Cantilever Testing,Pune - Miraj Line,DOWN Line,74.1192498,17.9481078,4,7,180,2026-08-30T14:37:12.768257
REQ-IR-2026-0114,TMS,Rail Joint Welding Inspection,Pune - Miraj Line,Yard Siding,74.252983,17.6318172,4,1,90,2026-09-05T15:27:12.768257
REQ-IR-2026-0115,SMMS,Axle Counter & Track Circuit Check,Pune - Lonavala Line,DOWN Line,73.5856592,18.6680706,1,20,90,2026-08-17T06:06:12.768257
REQ-IR-2026-0116,TMS,Deep Screening & Tamping,Pune - Daund Line,DOWN Line,74.1638144,18.5020429,2,33,240,2026-08-03T22:16:12.768257
REQ-IR-2026-0117,SMMS,Signal Point Testing & Interlocking,Pune - Miraj Line,UP Line,73.9535288,18.3415559,1,14,60,2026-08-23T11:48:12.768257
REQ-IR-2026-0118,TMS,Deep Screening & Tamping,Pune - Lonavala Line,UP Line,73.6603681,18.6319479,2,12,240,2026-08-25T01:34:12.768257
REQ-IR-2026-0119,TMS,Deep Screening & Tamping,Pune - Lonavala Line,DOWN Line,73.5849226,18.6682333,3,21,240,2026-08-16T11:43:12.768257
REQ-IR-2026-0120,TMS,Deep Screening & Tamping,Pune - Lonavala Line,DOWN Line,73.8152836,18.5572523,1,20,240,2026-08-17T03:44:12.768257
REQ-IR-2026-0121,TMS,Deep Screening & Tamping,Pune - Lonavala Line,DOWN Line,73.8527755,18.5391296,5,4,240,2026-09-02T13:27:12.768257
REQ-IR-2026-0122,TMS,Rail Joint Welding Inspection,Pune - Daund Line,UP Line,74.571379,18.4639733,2,17,90,2026-08-20T18:50:12.768257
REQ-IR-2026-0123,TMS,Deep Screening & Tamping,Pune - Lonavala Line,DOWN Line,73.513332,18.7029228,2,19,240,2026-08-17T21:45:12.768257
REQ-IR-2026-0124,TDMS,Substation Transformer Testing,Pune - Miraj Line,UP Line,74.2850001,17.5556702,4,1,120,2026-09-05T06:09:12.768257
REQ-IR-2026-0125,TMS,Deep Screening & Tamping,Pune - Daund Line,UP Line,74.5182567,18.4689308,3,23,240,2026-08-13T20:45:12.768257
REQ-IR-2026-0126,TDMS,OHE Insulation & Cantilever Testing,Pune - Daund Line,DOWN Line,74.295767,18.4896403,2,15,180,2026-08-21T23:33:12.768257
REQ-IR-2026-0127,SMMS,Axle Counter & Track Circuit Check,Pune - Miraj Line,DOWN Line,74.3455447,17.411586,3,18,90,2026-08-19T09:29:12.768257
REQ-IR-2026-0128,TMS,Deep Screening & Tamping,Pune - Lonavala Line,UP Line,73.769331,18.5796051,1,25,240,2026-08-11T20:14:12.768257
REQ-IR-2026-0129,TMS,Rail Joint Welding Inspection,Pune - Daund Line,UP Line,74.2631345,18.4927662,1,23,90,2026-08-14T09:23:12.768257
REQ-IR-2026-0130,SMMS,Block Instrument Maintenance,Pune - Daund Line,UP Line,74.3867633,18.481101,2,23,45,2026-08-14T12:34:12.768257
REQ-IR-2026-0131,TMS,USFD Rail Flaw Testing,Pune - Miraj Line,Yard Siding,74.5225573,16.9920673,2,26,120,2026-08-11T16:38:12.768257
REQ-IR-2026-0132,TMS,Rail Joint Welding Inspection,Pune - Lonavala Line,Yard Siding,73.8649495,18.5335543,1,22,90,2026-08-15T01:07:12.768257
REQ-IR-2026-0133,SMMS,Block Instrument Maintenance,Pune - Miraj Line,DOWN Line,74.2703356,17.5897434,1,18,45,2026-08-19T00:30:12.768257
REQ-IR-2026-0134,SMMS,Signal Point Testing & Interlocking,Pune - Daund Line,UP Line,74.2425087,18.4944362,2,13,60,2026-08-24T02:15:12.768257
REQ-IR-2026-0135,TMS,USFD Rail Flaw Testing,Pune - Miraj Line,UP Line,73.9886049,18.2580074,3,13,120,2026-08-24T06:09:12.768257
REQ-IR-2026-0136,SMMS,Signal Point Testing & Interlocking,Pune - Miraj Line,UP Line,74.188641,17.7844454,2,30,60,2026-08-06T23:14:12.768257
REQ-IR-2026-0137,TMS,USFD Rail Flaw Testing,Pune - Miraj Line,UP Line,74.0343176,18.1502304,1,21,120,2026-08-16T15:55:12.768257
REQ-IR-2026-0138,TMS,Rail Joint Welding Inspection,Pune - Miraj Line,UP Line,74.3490651,17.4039981,1,21,90,2026-08-16T07:50:12.768257
REQ-IR-2026-0139,TDMS,OHE Insulation & Cantilever Testing,Pune - Daund Line,DOWN Line,74.1485759,18.5032689,3,11,180,2026-08-26T05:58:12.768257
REQ-IR-2026-0140,TMS,USFD Rail Flaw Testing,Pune - Daund Line,DOWN Line,74.095824,18.5081403,1,18,120,2026-08-19T04:00:12.768257
REQ-IR-2026-0141,TMS,USFD Rail Flaw Testing,Pune - Miraj Line,UP Line,73.9517511,18.3455281,1,20,120,2026-08-17T18:09:12.768257
REQ-IR-2026-0142,SMMS,Block Instrument Maintenance,Pune - Lonavala Line,UP Line,73.4684969,18.7243779,3,24,45,2026-08-12T21:45:12.768257
REQ-IR-2026-0143,SMMS,Axle Counter & Track Circuit Check,Pune - Daund Line,DOWN Line,74.4143393,18.4784839,2,9,90,2026-08-28T18:03:12.768257
REQ-IR-2026-0144,TMS,Deep Screening & Tamping,Pune - Daund Line,Yard Siding,74.1002931,18.5077631,3,24,240,2026-08-13T18:08:12.768257
REQ-IR-2026-0145,TMS,Deep Screening & Tamping,Pune - Miraj Line,UP Line,74.4544409,17.153332,4,2,240,2026-09-04T00:11:12.768257
REQ-IR-2026-0146,TMS,USFD Rail Flaw Testing,Pune - Miraj Line,DOWN Line,73.8966812,18.4755912,1,16,120,2026-08-20T20:37:12.768257
REQ-IR-2026-0147,TMS,Rail Joint Welding Inspection,Pune - Daund Line,DOWN Line,74.0017785,18.517083,1,17,90,2026-08-20T17:03:12.768257
REQ-IR-2026-0148,TMS,Deep Screening & Tamping,Pune - Lonavala Line,UP Line,73.8345714,18.5480503,3,25,240,2026-08-12T10:33:12.768257
REQ-IR-2026-0149,TMS,Rail Joint Welding Inspection,Pune - Daund Line,UP Line,73.8874419,18.5277885,2,11,90,2026-08-26T12:05:12.768257
REQ-IR-2026-0150,TMS,Deep Screening & Tamping,Pune - Lonavala Line,DOWN Line,73.6322568,18.6455573,2,24,240,2026-08-13T03:44:12.768257
REQ-IR-2026-0151,TDMS,Neutral Section Inspection,Pune - Daund Line,UP Line,74.3503786,18.4846179,2,29,90,2026-08-08T11:47:12.768257
REQ-IR-2026-0152,TMS,Deep Screening & Tamping,Pune - Miraj Line,Yard Siding,74.1781199,17.8092282,1,16,240,2026-08-21T15:02:12.768257
REQ-IR-2026-0153,TMS,USFD Rail Flaw Testing,Pune - Daund Line,UP Line,73.9101355,18.5256364,3,12,120,2026-08-25T15:32:12.768257
REQ-IR-2026-0154,SMMS,Signal Point Testing & Interlocking,Pune - Daund Line,Yard Siding,74.2014681,18.4984132,2,19,60,2026-08-18T18:25:12.768257
REQ-IR-2026-0155,TDMS,Substation Transformer Testing,Pune - Lonavala Line,UP Line,73.6605577,18.6317261,3,14,120,2026-08-22T23:17:12.768257
REQ-IR-2026-0156,TMS,USFD Rail Flaw Testing,Pune - Lonavala Line,UP Line,73.7561075,18.5857816,2,19,120,2026-08-17T21:44:12.768257
REQ-IR-2026-0157,TMS,USFD Rail Flaw Testing,Pune - Daund Line,UP Line,73.9429329,18.5223254,2,18,120,2026-08-19T08:59:12.768257
REQ-IR-2026-0158,TMS,Deep Screening & Tamping,Pune - Miraj Line,UP Line,74.1935764,17.7726064,3,18,240,2026-08-19T02:09:12.768257
REQ-IR-2026-0159,TMS,Deep Screening & Tamping,Pune - Lonavala Line,Yard Siding,73.5772337,18.6719058,2,19,240,2026-08-18T08:20:12.768257
REQ-IR-2026-0160,SMMS,Block Instrument Maintenance,Pune - Miraj Line,DOWN Line,74.0722114,18.0600575,3,9,45,2026-08-27T20:56:12.768257
REQ-IR-2026-0161,TMS,USFD Rail Flaw Testing,Pune - Daund Line,DOWN Line,74.4490872,18.4754507,1,19,120,2026-08-18T17:23:12.768257
REQ-IR-2026-0162,SMMS,Axle Counter & Track Circuit Check,Pune - Daund Line,DOWN Line,74.5157307,18.4693566,1,27,90,2026-08-09T23:11:12.768257
REQ-IR-2026-0163,SMMS,Block Instrument Maintenance,Pune - Daund Line,Yard Siding,73.9540702,18.521421,1,27,45,2026-08-10T04:23:12.768257
REQ-IR-2026-0164,TDMS,Neutral Section Inspection,Pune - Lonavala Line,UP Line,73.6082884,18.6568265,2,22,90,2026-08-15T06:40:12.768257
REQ-IR-2026-0165,SMMS,Signal Point Testing & Interlocking,Pune - Miraj Line,UP Line,74.2902019,17.5424656,1,13,60,2026-08-24T00:14:12.768257
REQ-IR-2026-0166,TMS,USFD Rail Flaw Testing,Pune - Miraj Line,DOWN Line,73.9465714,18.3580867,1,10,120,2026-08-27T13:57:12.768257
REQ-IR-2026-0167,TMS,USFD Rail Flaw Testing,Pune - Daund Line,Yard Siding,74.5210405,18.468696,2,14,120,2026-08-23T14:28:12.768257
REQ-IR-2026-0168,TMS,USFD Rail Flaw Testing,Pune - Daund Line,DOWN Line,74.2996886,18.4892293,1,12,120,2026-08-25T01:45:12.768257
REQ-IR-2026-0169,SMMS,Signal Point Testing & Interlocking,Pune - Miraj Line,Yard Siding,74.1550789,17.8633753,3,9,60,2026-08-27T22:33:12.768257
REQ-IR-2026-0170,TMS,USFD Rail Flaw Testing,Pune - Miraj Line,Yard Siding,74.2128853,17.7266515,1,16,120,2026-08-21T07:40:12.768257
REQ-IR-2026-0171,SMMS,Signal Point Testing & Interlocking,Pune - Lonavala Line,UP Line,73.5868525,18.6675069,2,16,60,2026-08-21T11:34:12.768257
REQ-IR-2026-0172,SMMS,Axle Counter & Track Circuit Check,Pune - Lonavala Line,DOWN Line,73.4815292,18.7181845,2,26,90,2026-08-11T13:51:12.768257
REQ-IR-2026-0173,TMS,Deep Screening & Tamping,Pune - Miraj Line,Yard Siding,74.1540559,17.8659295,2,22,240,2026-08-15T06:29:12.768257
REQ-IR-2026-0174,SMMS,Axle Counter & Track Circuit Check,Pune - Miraj Line,UP Line,74.2435084,17.654237,1,17,90,2026-08-20T09:45:12.768257
REQ-IR-2026-0175,TMS,USFD Rail Flaw Testing,Pune - Daund Line,Yard Siding,74.1487793,18.5034737,4,1,120,2026-09-05T04:37:12.768257
REQ-IR-2026-0176,SMMS,Signal Point Testing & Interlocking,Pune - Miraj Line,UP Line,74.4613711,17.1370534,1,13,60,2026-08-24T13:18:12.768257
REQ-IR-2026-0177,TMS,USFD Rail Flaw Testing,Pune - Miraj Line,Yard Siding,74.2936177,17.5349763,4,1,120,2026-09-05T13:51:12.768257
REQ-IR-2026-0178,TMS,Deep Screening & Tamping,Pune - Daund Line,UP Line,74.1642413,18.501957,2,15,240,2026-08-22T11:17:12.768257
REQ-IR-2026-0179,TMS,USFD Rail Flaw Testing,Pune - Miraj Line,UP Line,73.942145,18.3679656,2,9,120,2026-08-28T03:35:12.768257
REQ-IR-2026-0180,TMS,Deep Screening & Tamping,Pune - Lonavala Line,DOWN Line,73.8304093,18.5500794,1,17,240,2026-08-20T13:57:12.768257
REQ-IR-2026-0181,TMS,Deep Screening & Tamping,Pune - Daund Line,UP Line,74.534959,18.4676063,5,1,240,2026-09-04T22:37:12.768257
REQ-IR-2026-0182,SMMS,Axle Counter & Track Circuit Check,Pune - Miraj Line,UP Line,74.3997694,17.2830387,3,7,90,2026-08-30T11:11:12.768257
REQ-IR-2026-0183,TMS,USFD Rail Flaw Testing,Pune - Lonavala Line,UP Line,73.7095706,18.6084458,3,7,120,2026-08-30T04:49:12.768257
REQ-IR-2026-0184,TDMS,Neutral Section Inspection,Pune - Lonavala Line,Yard Siding,73.43898,18.7385032,3,15,90,2026-08-22T05:55:12.768257
REQ-IR-2026-0185,TMS,Rail Joint Welding Inspection,Pune - Miraj Line,DOWN Line,74.0750278,18.0532377,1,27,90,2026-08-10T02:43:12.768257
REQ-IR-2026-0186,TMS,Rail Joint Welding Inspection,Pune - Lonavala Line,UP Line,73.6572112,18.6336512,1,23,90,2026-08-14T04:58:12.768257
REQ-IR-2026-0187,TMS,Deep Screening & Tamping,Pune - Daund Line,DOWN Line,73.9336086,18.5234311,1,25,240,2026-08-11T23:19:12.768257
REQ-IR-2026-0188,TMS,USFD Rail Flaw Testing,Pune - Miraj Line,DOWN Line,74.4727878,17.1099759,1,25,120,2026-08-12T18:35:12.768257
REQ-IR-2026-0189,SMMS,Signal Point Testing & Interlocking,Pune - Daund Line,UP Line,74.4618504,18.4740708,1,10,60,2026-08-27T14:54:12.768257
REQ-IR-2026-0190,SMMS,Axle Counter & Track Circuit Check,Pune - Lonavala Line,Yard Siding,73.7271843,18.599901,1,10,90,2026-08-27T18:27:12.768257
REQ-IR-2026-0191,SMMS,Block Instrument Maintenance,Pune - Daund Line,DOWN Line,74.2316819,18.4954702,2,19,45,2026-08-18T00:22:12.768257
REQ-IR-2026-0192,TMS,Deep Screening & Tamping,Pune - Miraj Line,UP Line,74.4316943,17.2080941,2,22,240,2026-08-15T08:38:12.768257
REQ-IR-2026-0193,TMS,USFD Rail Flaw Testing,Pune - Miraj Line,UP Line,74.2383829,17.6653592,2,25,120,2026-08-12T01:45:12.776405
REQ-IR-2026-0194,SMMS,Axle Counter & Track Circuit Check,Pune - Daund Line,UP Line,74.3949405,18.4803475,2,13,90,2026-08-24T16:08:12.776405
REQ-IR-2026-0195,SMMS,Signal Point Testing & Interlocking,Pune - Lonavala Line,DOWN Line,73.7423081,18.5924848,5,1,60,2026-09-05T16:39:12.776405
REQ-IR-2026-0196,TMS,USFD Rail Flaw Testing,Pune - Miraj Line,UP Line,73.9868943,18.2625725,1,27,120,2026-08-09T21:14:12.776405
REQ-IR-2026-0197,SMMS,Axle Counter & Track Circuit Check,Pune - Miraj Line,DOWN Line,74.5237443,16.9896626,1,19,90,2026-08-18T11:42:12.776405
REQ-IR-2026-0198,TMS,Rail Joint Welding Inspection,Pune - Daund Line,Yard Siding,74.1033375,18.5076636,2,21,90,2026-08-16T03:24:12.776405
REQ-IR-2026-0199,SMMS,Signal Point Testing & Interlocking,Pune - Daund Line,UP Line,74.4718574,18.4732159,2,22,60,2026-08-15T00:32:12.776405
REQ-IR-2026-0200,TDMS,OHE Insulation & Cantilever Testing,Pune - Lonavala Line,DOWN Line,73.5907066,18.6657154,1,23,180,2026-08-14T17:55:12.776405
REQ-IR-2026-0201,TMS,USFD Rail Flaw Testing,Pune - Lonavala Line,Yard Siding,73.41563,18.7498531,1,14,120,2026-08-23T01:45:12.776405
REQ-IR-2026-0202,TMS,USFD Rail Flaw Testing,Pune - Miraj Line,Yard Siding,74.4403768,17.1872583,1,21,120,2026-08-16T00:49:12.776405
REQ-IR-2026-0203,SMMS,Block Instrument Maintenance,Pune - Lonavala Line,UP Line,73.8216845,18.5543689,1,20,45,2026-08-17T01:11:12.776405
REQ-IR-2026-0204,TMS,USFD Rail Flaw Testing,Pune - Miraj Line,UP Line,74.2412998,17.6588666,1,15,120,2026-08-22T11:30:12.776405
REQ-IR-2026-0205,TMS,Rail Joint Welding Inspection,Pune - Miraj Line,UP Line,73.9330691,18.3897196,1,13,90,2026-08-24T18:27:12.777895
REQ-IR-2026-0206,TMS,USFD Rail Flaw Testing,Pune - Lonavala Line,DOWN Line,73.4585639,18.7293266,4,5,120,2026-09-01T13:18:12.777895
REQ-IR-2026-0207,SMMS,Block Instrument Maintenance,Pune - Lonavala Line,DOWN Line,73.8357851,18.5475753,1,17,45,2026-08-20T02:05:12.777895
REQ-IR-2026-0208,TMS,USFD Rail Flaw Testing,Pune - Daund Line,Yard Siding,74.2026819,18.498499,3,18,120,2026-08-19T03:13:12.777895
REQ-IR-2026-0209,SMMS,Signal Point Testing & Interlocking,Pune - Lonavala Line,DOWN Line,73.6258957,18.6486968,4,1,60,2026-09-05T13:35:12.777895
REQ-IR-2026-0210,SMMS,Signal Point Testing & Interlocking,Pune - Daund Line,DOWN Line,74.509128,18.4696784,1,17,60,2026-08-20T11:16:12.777895
REQ-IR-2026-0211,SMMS,Signal Point Testing & Interlocking,Pune - Lonavala Line,Yard Siding,73.4936851,18.7122172,1,16,60,2026-08-21T01:10:12.777895
REQ-IR-2026-0212,TDMS,Neutral Section Inspection,Pune - Lonavala Line,Yard Siding,73.4897866,18.7142505,1,28,90,2026-08-09T08:05:12.777895
REQ-IR-2026-0213,TMS,USFD Rail Flaw Testing,Pune - Miraj Line,Yard Siding,74.4117621,17.2551137,1,13,120,2026-08-24T12:09:12.777895
REQ-IR-2026-0214,TMS,Deep Screening & Tamping,Pune - Lonavala Line,Yard Siding,73.5582914,18.6812396,3,20,240,2026-08-17T13:04:12.777895
REQ-IR-2026-0215,TMS,Deep Screening & Tamping,Pune - Daund Line,UP Line,73.9487568,18.5218899,2,18,240,2026-08-19T15:46:12.777895
REQ-IR-2026-0216,SMMS,Signal Point Testing & Interlocking,Pune - Lonavala Line,UP Line,73.7389643,18.5939573,3,20,60,2026-08-17T01:50:12.779908
REQ-IR-2026-0217,TMS,Rail Joint Welding Inspection,Pune - Daund Line,UP Line,74.2913658,18.490008,2,24,90,2026-08-13T07:33:12.779908
REQ-IR-2026-0218,TMS,Deep Screening & Tamping,Pune - Daund Line,Yard Siding,74.1393526,18.5041786,2,6,240,2026-08-31T00:54:12.779908
REQ-IR-2026-0219,TMS,Deep Screening & Tamping,Pune - Daund Line,DOWN Line,73.9818236,18.5188999,2,6,240,2026-08-31T19:00:12.779908
REQ-IR-2026-0220,TDMS,Substation Transformer Testing,Pune - Daund Line,Yard Siding,74.4748661,18.4728218,2,29,120,2026-08-08T10:01:12.779908
REQ-IR-2026-0221,TDMS,OHE Insulation & Cantilever Testing,Pune - Lonavala Line,DOWN Line,73.6892482,18.618273,1,27,180,2026-08-10T09:33:12.779908
REQ-IR-2026-0222,SMMS,Block Instrument Maintenance,Pune - Lonavala Line,UP Line,73.5119255,18.703363,2,17,45,2026-08-20T00:11:12.779908
REQ-IR-2026-0223,TMS,Rail Joint Welding Inspection,Pune - Daund Line,Yard Siding,74.1996442,18.4987831,2,14,90,2026-08-23T19:45:12.779908
REQ-IR-2026-0224,TMS,Deep Screening & Tamping,Pune - Lonavala Line,Yard Siding,73.8609377,18.535188,2,23,240,2026-08-14T01:00:12.779908
REQ-IR-2026-0225,TMS,USFD Rail Flaw Testing,Pune - Lonavala Line,UP Line,73.4443698,18.7362578,3,18,120,2026-08-18T20:48:12.779908
REQ-IR-2026-0226,TDMS,Substation Transformer Testing,Pune - Lonavala Line,Yard Siding,73.6582044,18.633202,1,21,120,2026-08-16T12:13:12.781919
REQ-IR-2026-0227,TMS,Deep Screening & Tamping,Pune - Daund Line,DOWN Line,74.4156429,18.4785486,3,17,240,2026-08-20T14:36:12.781919
REQ-IR-2026-0228,TMS,Deep Screening & Tamping,Pune - Daund Line,Yard Siding,74.4831281,18.4721344,1,17,240,2026-08-20T18:05:12.781919
REQ-IR-2026-0229,TMS,Deep Screening & Tamping,Pune - Daund Line,UP Line,74.1468818,18.5034629,2,13,240,2026-08-24T08:39:12.781919
REQ-IR-2026-0230,TMS,Rail Joint Welding Inspection,Pune - Miraj Line,Yard Siding,74.1314953,17.9195096,1,13,90,2026-08-24T11:56:12.781919
REQ-IR-2026-0231,TMS,Deep Screening & Tamping,Pune - Daund Line,Yard Siding,74.364045,18.4834799,4,4,240,2026-09-02T17:54:12.781919
REQ-IR-2026-0232,SMMS,Signal Point Testing & Interlocking,Pune - Miraj Line,Yard Siding,74.2155741,17.7199934,1,19,60,2026-08-18T15:28:12.781919
REQ-IR-2026-0233,TMS,USFD Rail Flaw Testing,Pune - Miraj Line,Yard Siding,74.1725176,17.8216643,1,13,120,2026-08-24T00:32:12.781919
REQ-IR-2026-0234,SMMS,Axle Counter & Track Circuit Check,Pune - Lonavala Line,UP Line,73.4590855,18.7289243,1,10,90,2026-08-27T18:32:12.781919
REQ-IR-2026-0235,TMS,Rail Joint Welding Inspection,Pune - Daund Line,Yard Siding,74.5585715,18.4652736,2,10,90,2026-08-27T02:47:12.781919
REQ-IR-2026-0236,TDMS,Neutral Section Inspection,Pune - Daund Line,UP Line,73.9971896,18.5174071,3,15,90,2026-08-22T07:05:12.781919
REQ-IR-2026-0237,TDMS,Substation Transformer Testing,Pune - Daund Line,Yard Siding,74.3849713,18.4815431,3,11,120,2026-08-26T19:27:12.781919
REQ-IR-2026-0238,SMMS,Signal Point Testing & Interlocking,Pune - Lonavala Line,Yard Siding,73.5619816,18.6793731,1,28,60,2026-08-09T10:16:12.781919
REQ-IR-2026-0239,TMS,Rail Joint Welding Inspection,Pune - Daund Line,Yard Siding,74.511467,18.4695768,3,21,90,2026-08-16T01:01:12.781919
REQ-IR-2026-0240,SMMS,Axle Counter & Track Circuit Check,Pune - Daund Line,DOWN Line,73.9577186,18.5210839,3,24,90,2026-08-13T13:55:12.781919
REQ-IR-2026-0241,TMS,USFD Rail Flaw Testing,Pune - Miraj Line,UP Line,74.0378767,18.1411317,4,1,120,2026-09-05T10:31:12.781919
REQ-IR-2026-0242,SMMS,Axle Counter & Track Circuit Check,Pune - Lonavala Line,UP Line,73.5431696,18.6882996,4,4,90,2026-09-02T09:15:12.781919
REQ-IR-2026-0243,TMS,Deep Screening & Tamping,Pune - Daund Line,UP Line,74.0202026,18.5152117,1,15,240,2026-08-22T07:27:12.781919
REQ-IR-2026-0244,TMS,Deep Screening & Tamping,Pune - Miraj Line,UP Line,74.1026281,17.9882491,3,24,240,2026-08-13T08:37:12.781919
REQ-IR-2026-0245,TMS,Deep Screening & Tamping,Pune - Miraj Line,DOWN Line,74.4971272,17.0527463,1,12,240,2026-08-25T08:27:12.781919
REQ-IR-2026-0246,TMS,USFD Rail Flaw Testing,Pune - Lonavala Line,Yard Siding,73.8038739,18.5630102,2,8,120,2026-08-29T10:56:12.781919
REQ-IR-2026-0247,SMMS,Signal Point Testing & Interlocking,Pune - Daund Line,DOWN Line,74.4733922,18.4730517,1,13,60,2026-08-24T10:07:12.781919
REQ-IR-2026-0248,TMS,Deep Screening & Tamping,Pune - Miraj Line,Yard Siding,73.9524118,18.3438944,4,1,240,2026-09-05T00:54:12.781919
REQ-IR-2026-0249,TMS,Deep Screening & Tamping,Pune - Daund Line,Yard Siding,74.0915252,18.508594,1,12,240,2026-08-25T10:35:12.781919
REQ-IR-2026-0250,TMS,Deep Screening & Tamping,Pune - Lonavala Line,DOWN Line,73.8733109,18.5295079,1,14,240,2026-08-23T18:26:12.781919
REQ-IR-2026-0251,TMS,Rail Joint Welding Inspection,Pune - Miraj Line,UP Line,74.4912143,17.0660115,3,17,90,2026-08-20T05:09:12.781919
REQ-IR-2026-0252,TMS,USFD Rail Flaw Testing,Pune - Miraj Line,Yard Siding,74.2206483,17.7083521,4,3,120,2026-09-03T03:41:12.781919
REQ-IR-2026-0253,TMS,Deep Screening & Tamping,Pune - Daund Line,DOWN Line,74.3890717,18.4810322,4,2,240,2026-09-04T07:52:12.781919
REQ-IR-2026-0254,SMMS,Block Instrument Maintenance,Pune - Daund Line,UP Line,74.168854,18.5014049,2,12,45,2026-08-24T20:20:12.781919
REQ-IR-2026-0255,SMMS,Signal Point Testing & Interlocking,Pune - Lonavala Line,UP Line,73.5018668,18.7083507,1,18,60,2026-08-19T07:17:12.781919
REQ-IR-2026-0256,TMS,USFD Rail Flaw Testing,Pune - Miraj Line,UP Line,74.0581591,18.0932861,1,24,120,2026-08-13T17:45:12.781919
REQ-IR-2026-0257,SMMS,Signal Point Testing & Interlocking,Pune - Daund Line,UP Line,74.0201038,18.5151514,1,18,60,2026-08-19T08:31:12.781919
REQ-IR-2026-0258,SMMS,Block Instrument Maintenance,Pune - Miraj Line,DOWN Line,74.2613387,17.6119789,4,1,45,2026-09-05T16:56:12.781919
REQ-IR-2026-0259,TMS,Rail Joint Welding Inspection,Pune - Miraj Line,Yard Siding,73.9713168,18.2990652,1,22,90,2026-08-15T07:21:12.781919
REQ-IR-2026-0260,SMMS,Axle Counter & Track Circuit Check,Pune - Daund Line,Yard Siding,74.1830273,18.5001652,2,26,90,2026-08-11T08:58:12.781919
REQ-IR-2026-0261,TMS,USFD Rail Flaw Testing,Pune - Miraj Line,Yard Siding,74.3983619,17.2868314,2,32,120,2026-08-04T20:56:12.781919
REQ-IR-2026-0262,SMMS,Block Instrument Maintenance,Pune - Daund Line,DOWN Line,74.4676927,18.4736405,1,18,45,2026-08-19T12:49:12.781919
REQ-IR-2026-0263,TMS,USFD Rail Flaw Testing,Pune - Miraj Line,UP Line,74.3159536,17.4820697,2,23,120,2026-08-14T04:24:12.781919
REQ-IR-2026-0264,TDMS,OHE Insulation & Cantilever Testing,Pune - Miraj Line,DOWN Line,74.0818764,18.036866,1,20,180,2026-08-16T22:02:12.781919
REQ-IR-2026-0265,SMMS,Signal Point Testing & Interlocking,Pune - Miraj Line,UP Line,74.424626,17.2240599,2,12,60,2026-08-25T17:41:12.783931
REQ-IR-2026-0266,TDMS,Neutral Section Inspection,Pune - Daund Line,Yard Siding,74.2603705,18.492811,3,18,90,2026-08-19T08:50:12.783931
REQ-IR-2026-0267,TMS,Deep Screening & Tamping,Pune - Lonavala Line,UP Line,73.4127233,18.7513158,1,16,240,2026-08-20T21:28:12.783931
REQ-IR-2026-0268,TMS,Deep Screening & Tamping,Pune - Miraj Line,UP Line,74.2115299,17.729481,1,15,240,2026-08-21T23:58:12.783931
REQ-IR-2026-0269,TMS,USFD Rail Flaw Testing,Pune - Lonavala Line,UP Line,73.7447588,18.5913466,1,22,120,2026-08-14T23:20:12.783931
REQ-IR-2026-0270,SMMS,Block Instrument Maintenance,Pune - Lonavala Line,UP Line,73.4220504,18.746702,1,22,45,2026-08-15T02:05:12.783931
REQ-IR-2026-0271,TMS,Deep Screening & Tamping,Pune - Lonavala Line,Yard Siding,73.6588416,18.6324634,1,28,240,2026-08-09T17:17:12.783931
REQ-IR-2026-0272,TMS,Rail Joint Welding Inspection,Pune - Miraj Line,DOWN Line,73.9001487,18.4676947,2,24,90,2026-08-13T02:27:12.783931
REQ-IR-2026-0273,TMS,Deep Screening & Tamping,Pune - Miraj Line,UP Line,74.0693254,18.0666453,4,3,240,2026-09-03T04:14:12.783931
REQ-IR-2026-0274,TDMS,OHE Insulation & Cantilever Testing,Pune - Daund Line,DOWN Line,73.9869722,18.5184527,4,1,180,2026-09-05T18:19:12.783931
REQ-IR-2026-0275,TMS,USFD Rail Flaw Testing,Pune - Daund Line,Yard Siding,74.5090006,18.46982,1,10,120,2026-08-27T02:59:12.783931
REQ-IR-2026-0276,TMS,USFD Rail Flaw Testing,Pune - Miraj Line,UP Line,74.2071213,17.7396553,1,23,120,2026-08-14T10:35:12.783931
REQ-IR-2026-0277,TMS,USFD Rail Flaw Testing,Pune - Daund Line,UP Line,73.9172793,18.5249165,1,12,120,2026-08-25T02:49:12.783931
REQ-IR-2026-0278,SMMS,Signal Point Testing & Interlocking,Pune - Daund Line,UP Line,74.0187648,18.5152974,1,18,60,2026-08-18T20:03:12.783931
REQ-IR-2026-0279,TMS,Rail Joint Welding Inspection,Pune - Lonavala Line,DOWN Line,73.5908395,18.6654537,1,18,90,2026-08-19T17:25:12.783931
REQ-IR-2026-0280,SMMS,Block Instrument Maintenance,Pune - Daund Line,Yard Siding,74.0344535,18.513906,1,16,45,2026-08-21T15:36:12.783931
REQ-IR-2026-0281,TMS,USFD Rail Flaw Testing,Pune - Miraj Line,DOWN Line,74.4224884,17.2294191,2,11,120,2026-08-26T15:03:12.783931
REQ-IR-2026-0282,SMMS,Block Instrument Maintenance,Pune - Daund Line,UP Line,74.2070532,18.4980798,4,1,45,2026-09-04T22:10:12.783931
REQ-IR-2026-0283,TMS,USFD Rail Flaw Testing,Pune - Miraj Line,DOWN Line,74.1445121,17.8885159,1,25,120,2026-08-12T10:55:12.783931
REQ-IR-2026-0284,TMS,Deep Screening & Tamping,Pune - Miraj Line,DOWN Line,74.1443197,17.8887008,1,21,240,2026-08-15T23:33:12.783931
REQ-IR-2026-0285,TMS,USFD Rail Flaw Testing,Pune - Miraj Line,Yard Siding,73.8747995,18.5279213,1,13,120,2026-08-24T12:36:12.783931
REQ-IR-2026-0286,TMS,Deep Screening & Tamping,Pune - Lonavala Line,UP Line,73.6625912,18.6309727,2,22,240,2026-08-15T03:21:12.783931
REQ-IR-2026-0287,TMS,Rail Joint Welding Inspection,Pune - Lonavala Line,UP Line,73.8668117,18.5324493,2,16,90,2026-08-21T03:36:12.783931
REQ-IR-2026-0288,TMS,USFD Rail Flaw Testing,Pune - Miraj Line,DOWN Line,73.891787,18.4872751,3,19,120,2026-08-18T05:24:12.783931
REQ-IR-2026-0289,SMMS,Signal Point Testing & Interlocking,Pune - Daund Line,DOWN Line,74.2269841,18.4962234,1,16,60,2026-08-21T19:45:12.783931
REQ-IR-2026-0290,SMMS,Axle Counter & Track Circuit Check,Pune - Daund Line,DOWN Line,74.2459955,18.4942318,2,20,90,2026-08-17T12:01:12.783931
REQ-IR-2026-0291,TMS,USFD Rail Flaw Testing,Pune - Lonavala Line,UP Line,73.7452898,18.5912069,1,18,120,2026-08-19T00:37:12.783931
REQ-IR-2026-0292,TDMS,OHE Insulation & Cantilever Testing,Pune - Miraj Line,DOWN Line,74.1067294,17.9778665,1,18,180,2026-08-18T20:57:12.783931
REQ-IR-2026-0293,TDMS,OHE Insulation & Cantilever Testing,Pune - Daund Line,UP Line,74.0444899,18.5131798,1,19,180,2026-08-18T15:32:12.783931
REQ-IR-2026-0294,SMMS,Signal Point Testing & Interlocking,Pune - Lonavala Line,Yard Siding,73.4930471,18.7127305,1,15,60,2026-08-22T11:12:12.783931
REQ-IR-2026-0295,TMS,Deep Screening & Tamping,Pune - Daund Line,Yard Siding,74.0612003,18.51152,1,15,240,2026-08-22T17:22:12.783931
REQ-IR-2026-0296,TMS,Deep Screening & Tamping,Pune - Daund Line,DOWN Line,74.0641555,18.511208,1,16,240,2026-08-21T04:21:12.783931
REQ-IR-2026-0297,TDMS,OHE Insulation & Cantilever Testing,Pune - Lonavala Line,Yard Siding,73.6827434,18.6211245,2,12,180,2026-08-25T04:12:12.783931
REQ-IR-2026-0298,TDMS,OHE Insulation & Cantilever Testing,Pune - Miraj Line,UP Line,74.423392,17.2275045,1,23,180,2026-08-13T20:58:12.783931
REQ-IR-2026-0299,TMS,Deep Screening & Tamping,Pune - Miraj Line,UP Line,73.945536,18.3603521,2,13,240,2026-08-24T00:20:12.783931
REQ-IR-2026-0300,SMMS,Block Instrument Maintenance,Pune - Lonavala Line,DOWN Line,73.7559779,18.5859826,1,18,45,2026-08-18T22:12:12.783931
REQ-IR-2026-0301,TMS,USFD Rail Flaw Testing,Pune - Miraj Line,Yard Siding,74.5628763,16.8963253,2,7,120,2026-08-30T08:44:12.783931
REQ-IR-2026-0302,SMMS,Signal Point Testing & Interlocking,Pune - Lonavala Line,Yard Siding,73.4355381,18.7403127,1,21,60,2026-08-16T17:56:12.783931
REQ-IR-2026-0303,SMMS,Signal Point Testing & Interlocking,Pune - Miraj Line,UP Line,74.0232688,18.1760708,1,21,60,2026-08-16T07:47:12.783931
REQ-IR-2026-0304,SMMS,Axle Counter & Track Circuit Check,Pune - Miraj Line,DOWN Line,74.1805647,17.8024708,1,33,90,2026-08-04T19:11:12.783931
REQ-IR-2026-0305,TMS,Rail Joint Welding Inspection,Pune - Miraj Line,UP Line,74.1354202,17.9101776,2,28,90,2026-08-09T13:04:12.783931
REQ-IR-2026-0306,TMS,USFD Rail Flaw Testing,Pune - Daund Line,DOWN Line,73.9146579,18.5250727,2,19,120,2026-08-18T17:20:12.783931
REQ-IR-2026-0307,SMMS,Signal Point Testing & Interlocking,Pune - Miraj Line,UP Line,74.2514484,17.6347566,3,13,60,2026-08-24T17:50:12.783931
REQ-IR-2026-0308,TDMS,OHE Insulation & Cantilever Testing,Pune - Lonavala Line,Yard Siding,73.7934284,18.5680553,3,21,180,2026-08-15T23:02:12.783931
REQ-IR-2026-0309,TDMS,Neutral Section Inspection,Pune - Daund Line,Yard Siding,74.423813,18.4777102,3,24,90,2026-08-13T16:52:12.783931
REQ-IR-2026-0310,TDMS,OHE Insulation & Cantilever Testing,Pune - Miraj Line,DOWN Line,74.0590506,18.090885,2,18,180,2026-08-18T22:24:12.783931
REQ-IR-2026-0311,TMS,Deep Screening & Tamping,Pune - Daund Line,DOWN Line,73.9359695,18.5231975,1,13,240,2026-08-24T08:28:12.783931
REQ-IR-2026-0312,TMS,USFD Rail Flaw Testing,Pune - Daund Line,DOWN Line,74.4378788,18.4764547,2,14,120,2026-08-22T22:01:12.783931
REQ-IR-2026-0313,SMMS,Block Instrument Maintenance,Pune - Miraj Line,Yard Siding,74.4625166,17.134882,3,32,45,2026-08-04T20:25:12.783931
REQ-IR-2026-0314,TMS,USFD Rail Flaw Testing,Pune - Miraj Line,Yard Siding,74.5226705,16.9917926,1,10,120,2026-08-26T23:09:12.783931
REQ-IR-2026-0315,TDMS,OHE Insulation & Cantilever Testing,Pune - Daund Line,UP Line,74.4309444,18.4768928,1,20,180,2026-08-17T12:38:12.783931
REQ-IR-2026-0316,TMS,Rail Joint Welding Inspection,Pune - Lonavala Line,UP Line,73.8236374,18.5534712,1,27,90,2026-08-09T20:51:12.783931
REQ-IR-2026-0317,SMMS,Signal Point Testing & Interlocking,Pune - Daund Line,UP Line,74.0625433,18.5112157,1,19,60,2026-08-18T03:09:12.783931
REQ-IR-2026-0318,SMMS,Signal Point Testing & Interlocking,Pune - Miraj Line,UP Line,74.229986,17.6854088,2,24,60,2026-08-13T10:48:12.783931
REQ-IR-2026-0319,TMS,Rail Joint Welding Inspection,Pune - Daund Line,Yard Siding,73.9819171,18.5188161,3,15,90,2026-08-21T23:00:12.783931
REQ-IR-2026-0320,TMS,Deep Screening & Tamping,Pune - Daund Line,DOWN Line,73.9867932,18.5183252,1,23,240,2026-08-14T05:47:12.783931
REQ-IR-2026-0321,TMS,USFD Rail Flaw Testing,Pune - Miraj Line,Yard Siding,74.0774491,18.0472436,1,17,120,2026-08-20T17:49:12.783931
REQ-IR-2026-0322,TDMS,OHE Insulation & Cantilever Testing,Pune - Daund Line,DOWN Line,74.3315043,18.4864894,2,19,180,2026-08-18T01:37:12.783931
REQ-IR-2026-0323,SMMS,Signal Point Testing & Interlocking,Pune - Lonavala Line,DOWN Line,73.5970629,18.6624218,3,13,60,2026-08-24T13:58:12.783931
REQ-IR-2026-0324,TDMS,Neutral Section Inspection,Pune - Daund Line,UP Line,74.4415789,18.4761226,3,13,90,2026-08-24T18:38:12.783931
REQ-IR-2026-0325,SMMS,Signal Point Testing & Interlocking,Pune - Lonavala Line,UP Line,73.7389217,18.5942763,1,16,60,2026-08-20T21:57:12.783931
REQ-IR-2026-0326,TMS,Rail Joint Welding Inspection,Pune - Miraj Line,Yard Siding,74.3318907,17.444147,1,17,90,2026-08-20T00:24:12.783931
REQ-IR-2026-0327,TDMS,OHE Insulation & Cantilever Testing,Pune - Miraj Line,Yard Siding,74.1503917,17.8743894,1,15,180,2026-08-22T16:04:12.786031
REQ-IR-2026-0328,TDMS,Substation Transformer Testing,Pune - Miraj Line,UP Line,74.5041148,17.0364097,1,23,120,2026-08-14T18:50:12.786031
REQ-IR-2026-0329,TMS,USFD Rail Flaw Testing,Pune - Miraj Line,Yard Siding,73.9501448,18.349054,1,21,120,2026-08-16T12:00:12.786031
REQ-IR-2026-0330,TDMS,OHE Insulation & Cantilever Testing,Pune - Lonavala Line,DOWN Line,73.8740906,18.5289133,3,20,180,2026-08-17T11:14:12.786031
REQ-IR-2026-0331,TMS,Rail Joint Welding Inspection,Pune - Miraj Line,Yard Siding,74.2331719,17.6778321,2,15,90,2026-08-22T04:57:12.786031
REQ-IR-2026-0332,TMS,Deep Screening & Tamping,Pune - Miraj Line,UP Line,74.3109773,17.4937394,1,4,240,2026-09-01T22:01:12.786031
REQ-IR-2026-0333,TMS,Rail Joint Welding Inspection,Pune - Miraj Line,DOWN Line,74.3903709,17.3056086,4,1,90,2026-09-05T02:11:12.786580
REQ-IR-2026-0334,SMMS,Axle Counter & Track Circuit Check,Pune - Daund Line,DOWN Line,74.2799296,18.4912526,1,10,90,2026-08-26T22:08:12.786580
REQ-IR-2026-0335,TMS,Deep Screening & Tamping,Pune - Daund Line,UP Line,74.3297205,18.486579,5,1,240,2026-09-05T15:03:12.786580
REQ-IR-2026-0336,SMMS,Signal Point Testing & Interlocking,Pune - Miraj Line,UP Line,74.2528889,17.631197,2,22,60,2026-08-15T05:49:12.788644
REQ-IR-2026-0337,SMMS,Block Instrument Maintenance,Pune - Lonavala Line,UP Line,73.6712865,18.6266458,1,11,45,2026-08-26T13:01:12.788644
REQ-IR-2026-0338,TMS,Rail Joint Welding Inspection,Pune - Daund Line,UP Line,74.0444912,18.5131866,3,23,90,2026-08-14T10:22:12.788644
REQ-IR-2026-0339,TDMS,Substation Transformer Testing,Pune - Daund Line,Yard Siding,73.9310101,18.5235121,4,2,120,2026-09-04T10:09:12.788644
REQ-IR-2026-0340,TMS,USFD Rail Flaw Testing,Pune - Miraj Line,DOWN Line,74.3958151,17.2921765,1,17,120,2026-08-20T06:19:12.788644
REQ-IR-2026-0341,TDMS,Neutral Section Inspection,Pune - Daund Line,Yard Siding,74.051743,18.5122764,1,11,90,2026-08-26T05:14:12.788644
REQ-IR-2026-0342,TMS,USFD Rail Flaw Testing,Pune - Lonavala Line,Yard Siding,73.6858828,18.6195962,4,1,120,2026-09-05T07:09:12.788644
REQ-IR-2026-0343,TMS,USFD Rail Flaw Testing,Pune - Miraj Line,DOWN Line,73.8893734,18.4931742,2,15,120,2026-08-22T09:21:12.788644
REQ-IR-2026-0344,TDMS,OHE Insulation & Cantilever Testing,Pune - Lonavala Line,Yard Siding,73.5305256,18.6945563,1,12,180,2026-08-25T16:46:12.788644
REQ-IR-2026-0345,TMS,Rail Joint Welding Inspection,Pune - Lonavala Line,UP Line,73.5641556,18.6784653,1,20,90,2026-08-16T21:18:12.788644
REQ-IR-2026-0346,TMS,Deep Screening & Tamping,Pune - Lonavala Line,Yard Siding,73.5694585,18.67602,4,1,240,2026-09-04T22:15:12.788644
REQ-IR-2026-0347,TMS,Rail Joint Welding Inspection,Pune - Lonavala Line,UP Line,73.7840768,18.5724877,1,29,90,2026-08-08T17:00:12.788644
REQ-IR-2026-0348,SMMS,Signal Point Testing & Interlocking,Pune - Daund Line,Yard Siding,74.1424802,18.503983,3,22,60,2026-08-15T17:42:12.788644
REQ-IR-2026-0349,TMS,Deep Screening & Tamping,Pune - Miraj Line,DOWN Line,74.0552803,18.1002335,1,16,240,2026-08-21T07:59:12.788644
REQ-IR-2026-0350,SMMS,Block Instrument Maintenance,Pune - Miraj Line,UP Line,74.3397666,17.4252911,2,18,45,2026-08-18T21:30:12.788644
REQ-IR-2026-0351,TMS,Deep Screening & Tamping,Pune - Lonavala Line,DOWN Line,73.5720039,18.6744489,1,19,240,2026-08-18T16:13:12.788644
REQ-IR-2026-0352,SMMS,Signal Point Testing & Interlocking,Pune - Miraj Line,Yard Siding,73.9440574,18.3633944,2,22,60,2026-08-15T05:04:12.788644
REQ-IR-2026-0353,TMS,USFD Rail Flaw Testing,Pune - Daund Line,Yard Siding,74.0344901,18.5138363,1,7,120,2026-08-30T17:50:12.788644
REQ-IR-2026-0354,TMS,Deep Screening & Tamping,Pune - Daund Line,UP Line,74.2530949,18.4935587,2,17,240,2026-08-20T14:14:12.788644
REQ-IR-2026-0355,TMS,USFD Rail Flaw Testing,Pune - Lonavala Line,UP Line,73.6900951,18.6178537,1,8,120,2026-08-28T23:25:12.788644
REQ-IR-2026-0356,TMS,USFD Rail Flaw Testing,Pune - Miraj Line,DOWN Line,74.2722545,17.5856391,1,31,120,2026-08-06T14:25:12.788644
REQ-IR-2026-0357,TDMS,OHE Insulation & Cantilever Testing,Pune - Daund Line,Yard Siding,73.9341254,18.5234229,2,17,180,2026-08-20T00:02:12.788644
REQ-IR-2026-0358,TMS,Deep Screening & Tamping,Pune - Daund Line,DOWN Line,74.5752326,18.4637299,1,18,240,2026-08-19T16:26:12.788644
REQ-IR-2026-0359,TMS,USFD Rail Flaw Testing,Pune - Lonavala Line,DOWN Line,73.4158562,18.7496605,1,16,120,2026-08-21T18:18:12.788644
REQ-IR-2026-0360,SMMS,Signal Point Testing & Interlocking,Pune - Miraj Line,Yard Siding,74.4692682,17.1183925,3,16,60,2026-08-21T01:51:12.788644
REQ-IR-2026-0361,TMS,USFD Rail Flaw Testing,Pune - Lonavala Line,DOWN Line,73.8340499,18.5483421,1,23,120,2026-08-14T05:20:12.788644
REQ-IR-2026-0362,SMMS,Signal Point Testing & Interlocking,Pune - Lonavala Line,DOWN Line,73.6874298,18.618853,2,4,60,2026-09-02T02:14:12.788644
REQ-IR-2026-0363,TDMS,OHE Insulation & Cantilever Testing,Pune - Daund Line,UP Line,73.9896665,18.5181041,2,11,180,2026-08-26T08:07:12.788644
REQ-IR-2026-0364,TDMS,OHE Insulation & Cantilever Testing,Pune - Lonavala Line,DOWN Line,73.5530843,18.6837734,3,12,180,2026-08-25T07:22:12.788644
REQ-IR-2026-0365,SMMS,Block Instrument Maintenance,Pune - Daund Line,Yard Siding,74.1648927,18.5019399,2,19,45,2026-08-18T03:40:12.788644
REQ-IR-2026-0366,SMMS,Axle Counter & Track Circuit Check,Pune - Lonavala Line,UP Line,73.8403417,18.545314,2,12,90,2026-08-25T00:32:12.788644
REQ-IR-2026-0367,TMS,USFD Rail Flaw Testing,Pune - Lonavala Line,UP Line,73.6987991,18.6137037,1,17,120,2026-08-20T01:45:12.788644
REQ-IR-2026-0368,TMS,USFD Rail Flaw Testing,Pune - Lonavala Line,UP Line,73.6534231,18.6353423,2,9,120,2026-08-27T21:44:12.790394
REQ-IR-2026-0369,SMMS,Signal Point Testing & Interlocking,Pune - Daund Line,Yard Siding,73.9161439,18.5252144,1,15,60,2026-08-22T02:14:12.790394
REQ-IR-2026-0370,TDMS,Neutral Section Inspection,Pune - Miraj Line,DOWN Line,73.9653452,18.3134209,1,26,90,2026-08-11T06:43:12.790394
REQ-IR-2026-0371,TMS,Rail Joint Welding Inspection,Pune - Miraj Line,DOWN Line,74.0903152,18.0168269,1,15,90,2026-08-22T04:34:12.790394
REQ-IR-2026-0372,SMMS,Axle Counter & Track Circuit Check,Pune - Daund Line,Yard Siding,74.4029826,18.4797886,1,17,90,2026-08-20T08:00:12.790394
REQ-IR-2026-0373,TMS,Rail Joint Welding Inspection,Pune - Lonavala Line,Yard Siding,73.5719801,18.6743507,3,33,90,2026-08-04T15:38:12.790394
REQ-IR-2026-0374,SMMS,Signal Point Testing & Interlocking,Pune - Daund Line,DOWN Line,74.5091726,18.4696446,1,24,60,2026-08-13T18:53:12.790394
REQ-IR-2026-0375,SMMS,Signal Point Testing & Interlocking,Pune - Daund Line,UP Line,74.4298909,18.4771539,1,25,60,2026-08-12T19:01:12.790394
REQ-IR-2026-0376,TMS,USFD Rail Flaw Testing,Pune - Lonavala Line,DOWN Line,73.7024376,18.6118206,1,15,120,2026-08-22T01:02:12.790394
REQ-IR-2026-0377,SMMS,Signal Point Testing & Interlocking,Pune - Daund Line,DOWN Line,74.5044164,18.4703423,1,28,60,2026-08-09T15:37:12.790394
REQ-IR-2026-0378,TMS,USFD Rail Flaw Testing,Pune - Daund Line,UP Line,74.1402323,18.5039646,1,17,120,2026-08-20T13:12:12.790394
REQ-IR-2026-0379,TMS,Rail Joint Welding Inspection,Pune - Lonavala Line,Yard Siding,73.4350689,18.7406234,2,20,90,2026-08-17T04:26:12.790394
REQ-IR-2026-0380,TMS,Rail Joint Welding Inspection,Pune - Lonavala Line,UP Line,73.5415196,18.6891346,3,25,90,2026-08-12T05:46:12.790394
REQ-IR-2026-0381,TDMS,Neutral Section Inspection,Pune - Miraj Line,UP Line,74.474531,17.1058579,1,10,90,2026-08-27T09:07:12.790394
REQ-IR-2026-0382,TMS,Rail Joint Welding Inspection,Pune - Lonavala Line,UP Line,73.5036827,18.7073648,2,7,90,2026-08-29T23:23:12.790394
REQ-IR-2026-0383,TMS,Deep Screening & Tamping,Pune - Miraj Line,Yard Siding,74.230468,17.6841174,1,26,240,2026-08-10T23:44:12.790394
REQ-IR-2026-0384,TMS,Deep Screening & Tamping,Pune - Miraj Line,UP Line,74.0887055,18.0206051,4,1,240,2026-09-05T00:55:12.790394
REQ-IR-2026-0385,TMS,Deep Screening & Tamping,Pune - Lonavala Line,Yard Siding,73.4145839,18.7504405,3,20,240,2026-08-17T17:14:12.790394
REQ-IR-2026-0386,TMS,Deep Screening & Tamping,Pune - Miraj Line,DOWN Line,74.2956113,17.5296092,1,25,240,2026-08-12T15:42:12.790394
REQ-IR-2026-0387,SMMS,Signal Point Testing & Interlocking,Pune - Lonavala Line,UP Line,73.4524319,18.7323213,2,13,60,2026-08-24T14:05:12.790394
REQ-IR-2026-0388,TMS,Deep Screening & Tamping,Pune - Miraj Line,UP Line,74.5760824,16.8658018,3,14,240,2026-08-23T09:28:12.790394
REQ-IR-2026-0389,SMMS,Signal Point Testing & Interlocking,Pune - Lonavala Line,UP Line,73.5200413,18.6996398,1,23,60,2026-08-14T04:44:12.790394
REQ-IR-2026-0390,TMS,Deep Screening & Tamping,Pune - Daund Line,UP Line,74.0430773,18.513156,1,23,240,2026-08-14T18:11:12.790394
REQ-IR-2026-0391,SMMS,Signal Point Testing & Interlocking,Pune - Miraj Line,DOWN Line,74.4283957,17.2152991,2,22,60,2026-08-15T03:03:12.790394
REQ-IR-2026-0392,TMS,Deep Screening & Tamping,Pune - Daund Line,Yard Siding,74.4199112,18.4782356,1,12,240,2026-08-25T10:23:12.790394
REQ-IR-2026-0393,SMMS,Axle Counter & Track Circuit Check,Pune - Lonavala Line,DOWN Line,73.7369077,18.594985,1,3,90,2026-09-03T07:45:12.790394
REQ-IR-2026-0394,TMS,USFD Rail Flaw Testing,Pune - Daund Line,Yard Siding,74.1145227,18.5066305,1,14,120,2026-08-23T14:12:12.790394
REQ-IR-2026-0395,TMS,Deep Screening & Tamping,Pune - Daund Line,UP Line,74.4206417,18.4780335,1,20,240,2026-08-17T05:09:12.790394
REQ-IR-2026-0396,TMS,USFD Rail Flaw Testing,Pune - Daund Line,DOWN Line,74.0116731,18.5159388,1,25,120,2026-08-12T10:11:12.790394
REQ-IR-2026-0397,TMS,Rail Joint Welding Inspection,Pune - Miraj Line,Yard Siding,73.9964594,18.2394267,1,24,90,2026-08-13T03:49:12.790394
REQ-IR-2026-0398,TMS,Deep Screening & Tamping,Pune - Daund Line,DOWN Line,74.2498959,18.4940778,1,19,240,2026-08-17T21:25:12.790394
REQ-IR-2026-0399,TDMS,OHE Insulation & Cantilever Testing,Pune - Daund Line,UP Line,74.4377342,18.4765709,1,15,180,2026-08-22T04:40:12.790394
REQ-IR-2026-0400,TMS,Deep Screening & Tamping,Pune - Miraj Line,Yard Siding,74.2513348,17.6352704,4,1,240,2026-09-05T06:34:12.790394
REQ-IR-2026-0401,TMS,USFD Rail Flaw Testing,Pune - Miraj Line,UP Line,74.5800856,16.8555005,1,21,120,2026-08-16T06:33:12.790394
REQ-IR-2026-0402,SMMS,Axle Counter & Track Circuit Check,Pune - Lonavala Line,DOWN Line,73.4182707,18.7485074,4,2,90,2026-09-03T22:55:12.790394
REQ-IR-2026-0403,SMMS,Signal Point Testing & Interlocking,Pune - Miraj Line,DOWN Line,74.0512739,18.1093749,2,5,60,2026-09-01T17:11:12.790394
REQ-IR-2026-0404,TMS,USFD Rail Flaw Testing,Pune - Lonavala Line,Yard Siding,73.6337794,18.6448321,1,12,120,2026-08-25T12:40:12.790394
REQ-IR-2026-0405,TDMS,OHE Insulation & Cantilever Testing,Pune - Miraj Line,UP Line,74.289209,17.5451075,1,16,180,2026-08-21T06:16:12.790394
REQ-IR-2026-0406,TDMS,Neutral Section Inspection,Pune - Daund Line,UP Line,74.1761408,18.5009555,1,18,90,2026-08-19T15:29:12.790394
REQ-IR-2026-0407,TMS,USFD Rail Flaw Testing,Pune - Lonavala Line,DOWN Line,73.4467784,18.7347308,1,13,120,2026-08-24T02:09:12.790394
REQ-IR-2026-0408,TMS,Deep Screening & Tamping,Pune - Lonavala Line,Yard Siding,73.653808,18.6351781,1,12,240,2026-08-25T06:05:12.790394
REQ-IR-2026-0409,TMS,Rail Joint Welding Inspection,Pune - Lonavala Line,DOWN Line,73.4840273,18.7169206,3,27,90,2026-08-10T02:07:12.790394
REQ-IR-2026-0410,SMMS,Axle Counter & Track Circuit Check,Pune - Lonavala Line,DOWN Line,73.4137181,18.7505722,1,20,90,2026-08-16T23:19:12.790394
REQ-IR-2026-0411,TDMS,OHE Insulation & Cantilever Testing,Pune - Daund Line,Yard Siding,74.3208633,18.4872294,2,25,180,2026-08-12T08:54:12.790394
REQ-IR-2026-0412,TMS,USFD Rail Flaw Testing,Pune - Lonavala Line,UP Line,73.6597427,18.632267,1,25,120,2026-08-11T22:33:12.790394
REQ-IR-2026-0413,TDMS,OHE Insulation & Cantilever Testing,Pune - Daund Line,DOWN Line,74.0989363,18.5081195,2,4,180,2026-09-02T05:57:12.790394
REQ-IR-2026-0414,SMMS,Signal Point Testing & Interlocking,Pune - Miraj Line,DOWN Line,74.0022332,18.2260896,1,7,60,2026-08-30T01:11:12.790394
REQ-IR-2026-0415,TMS,USFD Rail Flaw Testing,Pune - Lonavala Line,UP Line,73.527595,18.6958659,2,16,120,2026-08-21T02:23:12.790394
REQ-IR-2026-0416,SMMS,Axle Counter & Track Circuit Check,Pune - Miraj Line,UP Line,74.3285815,17.4518508,2,21,90,2026-08-16T15:28:12.790394
REQ-IR-2026-0417,TMS,USFD Rail Flaw Testing,Pune - Daund Line,DOWN Line,74.5664234,18.4643606,2,22,120,2026-08-15T01:07:12.790394
REQ-IR-2026-0418,SMMS,Signal Point Testing & Interlocking,Pune - Daund Line,Yard Siding,73.8910597,18.5274809,2,17,60,2026-08-20T14:27:12.790394
REQ-IR-2026-0419,SMMS,Signal Point Testing & Interlocking,Pune - Lonavala Line,DOWN Line,73.5766681,18.6721702,3,18,60,2026-08-19T02:40:12.790394
REQ-IR-2026-0420,TMS,Deep Screening & Tamping,Pune - Daund Line,UP Line,74.5586277,18.465274,1,15,240,2026-08-21T22:55:12.790394
REQ-IR-2026-0421,TDMS,OHE Insulation & Cantilever Testing,Pune - Lonavala Line,Yard Siding,73.4703086,18.7234087,1,26,180,2026-08-11T15:09:12.790394
REQ-IR-2026-0422,SMMS,Axle Counter & Track Circuit Check,Pune - Lonavala Line,UP Line,73.4802449,18.7187365,1,10,90,2026-08-27T09:45:12.790394
REQ-IR-2026-0423,TMS,Deep Screening & Tamping,Pune - Lonavala Line,UP Line,73.4525824,18.7321504,2,7,240,2026-08-30T19:40:12.790394
REQ-IR-2026-0424,TMS,Deep Screening & Tamping,Pune - Daund Line,Yard Siding,73.9799928,18.5189241,2,16,240,2026-08-21T11:47:12.790394
REQ-IR-2026-0425,SMMS,Block Instrument Maintenance,Pune - Miraj Line,DOWN Line,74.2461933,17.6473391,1,17,45,2026-08-20T13:51:12.790394
REQ-IR-2026-0426,TMS,Rail Joint Welding Inspection,Pune - Daund Line,UP Line,73.917124,18.5248659,1,8,90,2026-08-29T07:59:12.790394
REQ-IR-2026-0427,TDMS,OHE Insulation & Cantilever Testing,Pune - Lonavala Line,DOWN Line,73.7588803,18.584629,3,6,180,2026-08-31T08:10:12.790394
REQ-IR-2026-0428,TMS,Deep Screening & Tamping,Pune - Lonavala Line,UP Line,73.6206141,18.6512384,1,6,240,2026-08-31T10:57:12.790394
REQ-IR-2026-0429,TMS,USFD Rail Flaw Testing,Pune - Lonavala Line,Yard Siding,73.8641458,18.5339779,1,15,120,2026-08-22T10:49:12.790394
REQ-IR-2026-0430,TMS,Deep Screening & Tamping,Pune - Lonavala Line,DOWN Line,73.7709117,18.5788391,4,7,240,2026-08-30T07:08:12.790394
REQ-IR-2026-0431,TDMS,OHE Insulation & Cantilever Testing,Pune - Miraj Line,DOWN Line,74.3314163,17.4454717,4,4,180,2026-09-02T13:32:12.790394
REQ-IR-2026-0432,TMS,USFD Rail Flaw Testing,Pune - Miraj Line,DOWN Line,74.3296909,17.449094,1,28,120,2026-08-09T10:46:12.790394
REQ-IR-2026-0433,TMS,Rail Joint Welding Inspection,Pune - Miraj Line,Yard Siding,73.980387,18.277661,3,13,90,2026-08-24T05:56:12.790394
REQ-IR-2026-0434,TMS,Deep Screening & Tamping,Pune - Lonavala Line,DOWN Line,73.8225758,18.5539751,2,22,240,2026-08-15T14:50:12.790394
REQ-IR-2026-0435,TMS,USFD Rail Flaw Testing,Pune - Miraj Line,UP Line,73.9236253,18.4116716,1,27,120,2026-08-10T05:00:12.790394
REQ-IR-2026-0436,TDMS,OHE Insulation & Cantilever Testing,Pune - Daund Line,DOWN Line,74.1708997,18.5013165,1,16,180,2026-08-21T04:32:12.790394
REQ-IR-2026-0437,TDMS,Neutral Section Inspection,Pune - Miraj Line,Yard Siding,74.266693,17.5981939,2,20,90,2026-08-17T16:25:12.790394
REQ-IR-2026-0438,TMS,Deep Screening & Tamping,Pune - Miraj Line,Yard Siding,74.2001918,17.7567383,3,10,240,2026-08-27T06:51:12.790394
REQ-IR-2026-0439,TMS,USFD Rail Flaw Testing,Pune - Lonavala Line,Yard Siding,73.8229429,18.5536341,3,11,120,2026-08-26T06:20:12.790394
REQ-IR-2026-0440,TDMS,OHE Insulation & Cantilever Testing,Pune - Miraj Line,Yard Siding,74.1920305,17.7761988,2,18,180,2026-08-19T09:25:12.790394
REQ-IR-2026-0441,SMMS,Signal Point Testing & Interlocking,Pune - Lonavala Line,DOWN Line,73.6545139,18.6345679,1,19,60,2026-08-18T07:48:12.790394
REQ-IR-2026-0442,TMS,Deep Screening & Tamping,Pune - Daund Line,Yard Siding,74.1932306,18.4991818,1,6,240,2026-08-31T00:34:12.790394
REQ-IR-2026-0443,SMMS,Axle Counter & Track Circuit Check,Pune - Daund Line,Yard Siding,74.013046,18.5161265,3,25,90,2026-08-11T22:18:12.790394
REQ-IR-2026-0444,TDMS,Substation Transformer Testing,Pune - Daund Line,UP Line,73.8910406,18.5273409,2,14,120,2026-08-23T09:41:12.790394
REQ-IR-2026-0445,SMMS,Axle Counter & Track Circuit Check,Pune - Daund Line,Yard Siding,73.9450432,18.5224158,1,22,90,2026-08-15T16:31:12.790394
REQ-IR-2026-0446,SMMS,Axle Counter & Track Circuit Check,Pune - Daund Line,Yard Siding,74.1007287,18.50782,3,4,90,2026-09-02T16:01:12.790394
REQ-IR-2026-0447,TMS,Deep Screening & Tamping,Pune - Miraj Line,Yard Siding,74.141616,17.8955134,2,8,240,2026-08-28T20:10:12.790394
REQ-IR-2026-0448,TMS,Deep Screening & Tamping,Pune - Daund Line,Yard Siding,74.0405711,18.5135692,2,7,240,2026-08-29T22:59:12.790394
REQ-IR-2026-0449,TMS,USFD Rail Flaw Testing,Pune - Daund Line,UP Line,74.4022827,18.4798905,1,26,120,2026-08-11T12:31:12.790394
REQ-IR-2026-0450,TMS,Rail Joint Welding Inspection,Pune - Lonavala Line,UP Line,73.8256073,18.5525811,1,27,90,2026-08-10T11:08:12.790394
REQ-IR-2026-0451,TMS,Deep Screening & Tamping,Pune - Miraj Line,Yard Siding,73.980574,18.2772235,2,14,240,2026-08-23T12:54:12.790394
REQ-IR-2026-0452,SMMS,Signal Point Testing & Interlocking,Pune - Miraj Line,UP Line,74.1736783,17.8196089,3,15,60,2026-08-22T15:14:12.790394
REQ-IR-2026-0453,TDMS,OHE Insulation & Cantilever Testing,Pune - Miraj Line,DOWN Line,74.5686132,16.8827646,2,15,180,2026-08-22T10:03:12.790394
REQ-IR-2026-0454,TDMS,Substation Transformer Testing,Pune - Lonavala Line,DOWN Line,73.4412556,18.7377358,5,7,120,2026-08-30T07:54:12.790394
REQ-IR-2026-0455,SMMS,Signal Point Testing & Interlocking,Pune - Miraj Line,Yard Siding,74.5557987,16.9134658,3,17,60,2026-08-20T05:16:12.790394
REQ-IR-2026-0456,SMMS,Block Instrument Maintenance,Pune - Miraj Line,Yard Siding,74.3312674,17.4462206,2,25,45,2026-08-12T08:50:12.790394
REQ-IR-2026-0457,TMS,Deep Screening & Tamping,Pune - Miraj Line,DOWN Line,74.0517341,18.1082233,1,10,240,2026-08-27T00:26:12.790394
REQ-IR-2026-0458,SMMS,Signal Point Testing & Interlocking,Pune - Daund Line,UP Line,74.3884553,18.4811313,1,21,60,2026-08-15T20:52:12.790394
REQ-IR-2026-0459,SMMS,Signal Point Testing & Interlocking,Pune - Daund Line,DOWN Line,74.5779517,18.4632012,1,15,60,2026-08-21T20:04:12.790394
REQ-IR-2026-0460,TMS,Rail Joint Welding Inspection,Pune - Miraj Line,Yard Siding,73.8916573,18.4876603,1,17,90,2026-08-20T10:34:12.790394
REQ-IR-2026-0461,TMS,Deep Screening & Tamping,Pune - Lonavala Line,Yard Siding,73.4572398,18.7299524,2,13,240,2026-08-24T15:49:12.790394
REQ-IR-2026-0462,TMS,USFD Rail Flaw Testing,Pune - Lonavala Line,UP Line,73.8340813,18.5484135,2,12,120,2026-08-25T18:05:12.790394
REQ-IR-2026-0463,TMS,Deep Screening & Tamping,Pune - Daund Line,DOWN Line,74.3338727,18.4863249,1,12,240,2026-08-25T15:35:12.790394
REQ-IR-2026-0464,TDMS,OHE Insulation & Cantilever Testing,Pune - Lonavala Line,Yard Siding,73.5998655,18.6611862,1,14,180,2026-08-23T14:56:12.790394
REQ-IR-2026-0465,SMMS,Axle Counter & Track Circuit Check,Pune - Miraj Line,Yard Siding,74.1783592,17.8079739,1,20,90,2026-08-17T15:05:12.790394
REQ-IR-2026-0466,TMS,USFD Rail Flaw Testing,Pune - Miraj Line,DOWN Line,74.5115392,17.018393,2,22,120,2026-08-15T11:34:12.790394
REQ-IR-2026-0467,TDMS,Neutral Section Inspection,Pune - Lonavala Line,UP Line,73.823261,18.5533152,3,22,90,2026-08-15T14:35:12.790394
REQ-IR-2026-0468,TMS,Rail Joint Welding Inspection,Pune - Lonavala Line,DOWN Line,73.7910344,18.5690902,1,13,90,2026-08-24T11:59:12.790394
REQ-IR-2026-0469,SMMS,Signal Point Testing & Interlocking,Pune - Miraj Line,UP Line,74.3556439,17.3876523,1,18,60,2026-08-19T00:15:12.790394
REQ-IR-2026-0470,SMMS,Signal Point Testing & Interlocking,Pune - Lonavala Line,DOWN Line,73.6074923,18.6573579,1,24,60,2026-08-13T03:53:12.790394
REQ-IR-2026-0471,TDMS,Substation Transformer Testing,Pune - Lonavala Line,DOWN Line,73.7615652,18.5832581,1,22,120,2026-08-15T02:27:12.790394
REQ-IR-2026-0472,TMS,Deep Screening & Tamping,Pune - Miraj Line,DOWN Line,74.4967022,17.0536033,2,19,240,2026-08-18T03:57:12.790394
REQ-IR-2026-0473,SMMS,Block Instrument Maintenance,Pune - Lonavala Line,Yard Siding,73.5396249,18.6899803,1,10,45,2026-08-27T17:38:12.790394
REQ-IR-2026-0474,TDMS,Substation Transformer Testing,Pune - Miraj Line,Yard Siding,73.9826341,18.2723166,1,13,120,2026-08-24T18:00:12.790394
REQ-IR-2026-0475,TMS,Deep Screening & Tamping,Pune - Miraj Line,UP Line,74.4279878,17.2164511,1,19,240,2026-08-18T17:49:12.790394
REQ-IR-2026-0476,SMMS,Block Instrument Maintenance,Pune - Miraj Line,DOWN Line,74.0619944,18.0835987,1,15,45,2026-08-22T14:01:12.790394
REQ-IR-2026-0477,SMMS,Signal Point Testing & Interlocking,Pune - Daund Line,Yard Siding,74.0503503,18.5125386,3,23,60,2026-08-14T09:37:12.790394
REQ-IR-2026-0478,TDMS,Substation Transformer Testing,Pune - Miraj Line,Yard Siding,74.2096388,17.7343095,2,24,120,2026-08-13T03:30:12.790394
REQ-IR-2026-0479,TMS,Rail Joint Welding Inspection,Pune - Miraj Line,UP Line,74.3515961,17.3970559,3,11,90,2026-08-26T19:29:12.790394
REQ-IR-2026-0480,TMS,USFD Rail Flaw Testing,Pune - Miraj Line,UP Line,74.5165688,17.0061061,1,19,120,2026-08-18T15:19:12.790394
REQ-IR-2026-0481,TMS,USFD Rail Flaw Testing,Pune - Lonavala Line,DOWN Line,73.7299601,18.5985704,3,22,120,2026-08-15T19:47:12.790394
REQ-IR-2026-0482,TMS,Deep Screening & Tamping,Pune - Lonavala Line,DOWN Line,73.5448413,18.6876303,5,3,240,2026-09-03T17:41:12.790394
REQ-IR-2026-0483,SMMS,Block Instrument Maintenance,Pune - Miraj Line,Yard Siding,74.0885509,18.0206643,5,1,45,2026-09-05T09:39:12.790394
REQ-IR-2026-0484,TMS,USFD Rail Flaw Testing,Pune - Daund Line,DOWN Line,74.5219109,18.4686451,1,23,120,2026-08-14T00:52:12.790394
REQ-IR-2026-0485,SMMS,Block Instrument Maintenance,Pune - Daund Line,DOWN Line,74.2257276,18.4963702,2,17,45,2026-08-20T11:24:12.790394
REQ-IR-2026-0486,TDMS,OHE Insulation & Cantilever Testing,Pune - Miraj Line,Yard Siding,74.2954237,17.5300763,3,13,180,2026-08-24T00:32:12.790394
REQ-IR-2026-0487,SMMS,Axle Counter & Track Circuit Check,Pune - Lonavala Line,UP Line,73.4072146,18.7539479,2,8,90,2026-08-29T12:42:12.790394
REQ-IR-2026-0488,TMS,USFD Rail Flaw Testing,Pune - Daund Line,DOWN Line,74.275299,18.4915155,1,19,120,2026-08-18T19:37:12.790394
REQ-IR-2026-0489,SMMS,Axle Counter & Track Circuit Check,Pune - Miraj Line,DOWN Line,74.0155189,18.1945534,1,16,90,2026-08-20T22:13:12.790394
REQ-IR-2026-0490,TMS,USFD Rail Flaw Testing,Pune - Daund Line,DOWN Line,74.2585995,18.4932443,1,14,120,2026-08-22T22:09:12.790394
REQ-IR-2026-0491,TMS,USFD Rail Flaw Testing,Pune - Miraj Line,DOWN Line,74.4005723,17.2818985,5,1,120,2026-09-05T07:18:12.790394
REQ-IR-2026-0492,SMMS,Signal Point Testing & Interlocking,Pune - Lonavala Line,DOWN Line,73.6461821,18.6388561,2,21,60,2026-08-16T15:20:12.790394
REQ-IR-2026-0493,TDMS,OHE Insulation & Cantilever Testing,Pune - Lonavala Line,UP Line,73.6264301,18.6484069,3,26,180,2026-08-10T21:50:12.790394
REQ-IR-2026-0494,TDMS,Neutral Section Inspection,Pune - Miraj Line,DOWN Line,73.9825631,18.2725796,5,3,90,2026-09-02T23:56:12.790394
REQ-IR-2026-0495,SMMS,Block Instrument Maintenance,Pune - Miraj Line,DOWN Line,74.2103515,17.7320892,1,26,45,2026-08-10T20:51:12.790394
REQ-IR-2026-0496,TDMS,Neutral Section Inspection,Pune - Miraj Line,DOWN Line,74.5713138,16.876092,3,25,90,2026-08-11T23:56:12.790394
REQ-IR-2026-0497,TMS,Deep Screening & Tamping,Pune - Lonavala Line,Yard Siding,73.839201,18.5456381,2,27,240,2026-08-10T11:03:12.790394
REQ-IR-2026-0498,TMS,USFD Rail Flaw Testing,Pune - Lonavala Line,DOWN Line,73.7468301,18.5902462,5,4,120,2026-09-02T06:12:12.790394
REQ-IR-2026-0499,TDMS,Neutral Section Inspection,Pune - Daund Line,UP Line,73.9573143,18.521324,2,12,90,2026-08-24T20:28:12.790394
REQ-IR-2026-0500,TMS,Rail Joint Welding Inspection,Pune - Daund Line,Yard Siding,74.1283463,18.5050971,4,4,90,2026-09-01T22:04:12.790394
REQ-IR-2026-0501,SMMS,Block Instrument Maintenance,Pune - Miraj Line,DOWN Line,73.9311848,18.3938342,1,24,45,2026-08-13T06:15:12.790394
REQ-IR-2026-0502,TMS,Deep Screening & Tamping,Pune - Lonavala Line,DOWN Line,73.7503909,18.5885563,2,18,240,2026-08-19T12:06:12.790394
REQ-IR-2026-0503,TMS,Deep Screening & Tamping,Pune - Daund Line,Yard Siding,74.222804,18.4965328,1,18,240,2026-08-18T21:43:12.790394
REQ-IR-2026-0504,TMS,Rail Joint Welding Inspection,Pune - Lonavala Line,UP Line,73.7039862,18.6108785,1,14,90,2026-08-23T08:35:12.790394
REQ-IR-2026-0505,TMS,USFD Rail Flaw Testing,Pune - Daund Line,DOWN Line,74.2107069,18.4974294,3,1,120,2026-09-05T10:51:12.790394
REQ-IR-2026-0506,SMMS,Signal Point Testing & Interlocking,Pune - Daund Line,UP Line,74.2259135,18.4960899,4,2,60,2026-09-04T00:48:12.790394
REQ-IR-2026-0507,TDMS,OHE Insulation & Cantilever Testing,Pune - Lonavala Line,Yard Siding,73.5750947,18.6732507,2,22,180,2026-08-15T04:10:12.790394
REQ-IR-2026-0508,SMMS,Axle Counter & Track Circuit Check,Pune - Daund Line,DOWN Line,74.3964121,18.4804743,1,21,90,2026-08-16T08:55:12.790394
REQ-IR-2026-0509,SMMS,Block Instrument Maintenance,Pune - Daund Line,DOWN Line,74.2574424,18.4931621,1,23,45,2026-08-13T19:53:12.790394
REQ-IR-2026-0510,SMMS,Axle Counter & Track Circuit Check,Pune - Miraj Line,UP Line,74.3091171,17.4982941,1,18,90,2026-08-19T16:33:12.790394
REQ-IR-2026-0511,TMS,USFD Rail Flaw Testing,Pune - Daund Line,Yard Siding,74.0364434,18.513741,1,17,120,2026-08-20T18:34:12.790394
REQ-IR-2026-0512,TMS,Rail Joint Welding Inspection,Pune - Miraj Line,Yard Siding,73.9866726,18.262404,1,15,90,2026-08-22T14:08:12.790394
REQ-IR-2026-0513,TDMS,OHE Insulation & Cantilever Testing,Pune - Lonavala Line,UP Line,73.6891811,18.6179829,4,3,180,2026-09-03T03:44:12.790394
REQ-IR-2026-0514,SMMS,Axle Counter & Track Circuit Check,Pune - Daund Line,UP Line,74.3549459,18.4840841,4,1,90,2026-09-05T14:45:12.790394
REQ-IR-2026-0515,SMMS,Block Instrument Maintenance,Pune - Lonavala Line,Yard Siding,73.5392927,18.690213,5,1,45,2026-09-05T02:16:12.790394
REQ-IR-2026-0516,TMS,USFD Rail Flaw Testing,Pune - Miraj Line,UP Line,74.5496612,16.9275053,3,14,120,2026-08-23T12:45:12.790394
REQ-IR-2026-0517,TMS,Deep Screening & Tamping,Pune - Lonavala Line,UP Line,73.6615111,18.6312665,3,14,240,2026-08-23T04:11:12.790394
REQ-IR-2026-0518,TMS,USFD Rail Flaw Testing,Pune - Lonavala Line,Yard Siding,73.4826704,18.7175719,3,15,120,2026-08-22T09:37:12.790394
REQ-IR-2026-0519,TMS,USFD Rail Flaw Testing,Pune - Daund Line,DOWN Line,74.1140516,18.5066706,2,19,120,2026-08-18T17:17:12.790394
REQ-IR-2026-0520,TMS,USFD Rail Flaw Testing,Pune - Lonavala Line,UP Line,73.6008361,18.6607172,4,3,120,2026-09-03T04:41:12.790394
REQ-IR-2026-0521,TMS,USFD Rail Flaw Testing,Pune - Lonavala Line,Yard Siding,73.7507327,18.5883857,1,16,120,2026-08-21T17:13:12.790394
REQ-IR-2026-0522,TMS,Rail Joint Welding Inspection,Pune - Miraj Line,Yard Siding,74.4045521,17.2721685,4,7,90,2026-08-29T20:21:12.790394
REQ-IR-2026-0523,TDMS,Neutral Section Inspection,Pune - Miraj Line,Yard Siding,74.0326636,18.1540118,3,15,90,2026-08-22T06:12:12.790394
REQ-IR-2026-0524,TMS,Deep Screening & Tamping,Pune - Miraj Line,UP Line,73.8959208,18.4779565,1,21,240,2026-08-15T22:30:12.790394
REQ-IR-2026-0525,SMMS,Signal Point Testing & Interlocking,Pune - Daund Line,DOWN Line,74.3248206,18.4868235,2,17,60,2026-08-19T20:20:12.790394
REQ-IR-2026-0526,TMS,Deep Screening & Tamping,Pune - Miraj Line,Yard Siding,74.0585252,18.0924364,1,23,240,2026-08-14T10:30:12.790394
REQ-IR-2026-0527,TMS,USFD Rail Flaw Testing,Pune - Daund Line,Yard Siding,74.4093097,18.4789391,4,3,120,2026-09-02T22:37:12.790394
REQ-IR-2026-0528,SMMS,Block Instrument Maintenance,Pune - Lonavala Line,DOWN Line,73.6923999,18.6165863,2,16,45,2026-08-21T10:03:12.790394
REQ-IR-2026-0529,TMS,USFD Rail Flaw Testing,Pune - Miraj Line,DOWN Line,73.898579,18.4718131,1,5,120,2026-08-31T19:53:12.790394
REQ-IR-2026-0530,TMS,Deep Screening & Tamping,Pune - Lonavala Line,DOWN Line,73.6149418,18.6538386,1,14,240,2026-08-23T16:51:12.790394
REQ-IR-2026-0531,TMS,USFD Rail Flaw Testing,Pune - Miraj Line,DOWN Line,73.9162532,18.4296728,2,5,120,2026-08-31T21:49:12.790394
REQ-IR-2026-0532,TMS,USFD Rail Flaw Testing,Pune - Miraj Line,Yard Siding,74.0830982,18.0342084,5,5,120,2026-08-31T23:49:12.790394
REQ-IR-2026-0533,TMS,Rail Joint Welding Inspection,Pune - Daund Line,UP Line,74.4817511,18.4725127,1,12,90,2026-08-25T16:51:12.790394
REQ-IR-2026-0534,SMMS,Axle Counter & Track Circuit Check,Pune - Daund Line,DOWN Line,73.9777667,18.519453,1,6,90,2026-08-31T13:09:12.790394
REQ-IR-2026-0535,SMMS,Block Instrument Maintenance,Pune - Daund Line,UP Line,74.1120026,18.5067015,1,22,45,2026-08-15T01:52:12.790394
REQ-IR-2026-0536,TMS,USFD Rail Flaw Testing,Pune - Miraj Line,UP Line,74.139724,17.8995793,1,24,120,2026-08-12T22:51:12.790394
REQ-IR-2026-0537,SMMS,Axle Counter & Track Circuit Check,Pune - Lonavala Line,UP Line,73.7614247,18.5834735,4,4,90,2026-09-02T15:21:12.790394
REQ-IR-2026-0538,TMS,Deep Screening & Tamping,Pune - Miraj Line,Yard Siding,74.1660876,17.8376491,1,21,240,2026-08-16T03:12:12.790394
REQ-IR-2026-0539,TDMS,Neutral Section Inspection,Pune - Daund Line,Yard Siding,74.0726053,18.5104195,1,16,90,2026-08-21T13:17:12.790394
REQ-IR-2026-0540,TDMS,OHE Insulation & Cantilever Testing,Pune - Lonavala Line,UP Line,73.8203037,18.5550864,2,9,180,2026-08-28T13:56:12.790394
REQ-IR-2026-0541,TMS,Deep Screening & Tamping,Pune - Daund Line,UP Line,74.3515595,18.4843793,1,13,240,2026-08-24T18:58:12.790394
REQ-IR-2026-0542,TMS,USFD Rail Flaw Testing,Pune - Miraj Line,Yard Siding,74.327709,17.4543398,2,24,120,2026-08-13T13:44:12.790394
REQ-IR-2026-0543,TMS,Deep Screening & Tamping,Pune - Daund Line,Yard Siding,74.3244686,18.4870372,2,22,240,2026-08-14T20:57:12.790394
REQ-IR-2026-0544,TMS,USFD Rail Flaw Testing,Pune - Lonavala Line,Yard Siding,73.8115928,18.558985,1,14,120,2026-08-23T15:14:12.790394
REQ-IR-2026-0545,SMMS,Axle Counter & Track Circuit Check,Pune - Miraj Line,Yard Siding,74.1373746,17.9052316,4,4,90,2026-09-02T01:32:12.790394
REQ-IR-2026-0546,TMS,Deep Screening & Tamping,Pune - Miraj Line,DOWN Line,74.0536776,18.1035573,4,7,240,2026-08-30T16:40:12.790394
REQ-IR-2026-0547,TMS,Rail Joint Welding Inspection,Pune - Miraj Line,DOWN Line,74.0537826,18.1037351,1,32,90,2026-08-05T00:31:12.790394
REQ-IR-2026-0548,TMS,Rail Joint Welding Inspection,Pune - Daund Line,Yard Siding,74.5290934,18.4678373,1,23,90,2026-08-13T23:21:12.790394
REQ-IR-2026-0549,TDMS,Neutral Section Inspection,Pune - Daund Line,UP Line,74.2128525,18.4972895,3,18,90,2026-08-18T21:04:12.790394
REQ-IR-2026-0550,TMS,Deep Screening & Tamping,Pune - Daund Line,Yard Siding,73.9790653,18.519054,3,26,240,2026-08-11T17:23:12.790394
REQ-IR-2026-0551,SMMS,Signal Point Testing & Interlocking,Pune - Lonavala Line,UP Line,73.5385573,18.6906849,1,22,60,2026-08-15T00:29:12.790394
REQ-IR-2026-0552,TDMS,OHE Insulation & Cantilever Testing,Pune - Lonavala Line,DOWN Line,73.553884,18.6832906,3,11,180,2026-08-26T08:15:12.790394
REQ-IR-2026-0553,TMS,USFD Rail Flaw Testing,Pune - Lonavala Line,UP Line,73.7082329,18.6089389,4,1,120,2026-09-04T23:19:12.790394
REQ-IR-2026-0554,TMS,USFD Rail Flaw Testing,Pune - Miraj Line,UP Line,74.3681581,17.3583421,3,22,120,2026-08-15T03:40:12.790394
REQ-IR-2026-0555,TDMS,Neutral Section Inspection,Pune - Daund Line,UP Line,74.5497518,18.4662012,2,18,90,2026-08-18T21:19:12.790394
REQ-IR-2026-0556,TMS,Deep Screening & Tamping,Pune - Miraj Line,DOWN Line,74.3821177,17.3252385,1,16,240,2026-08-21T01:27:12.790394
REQ-IR-2026-0557,SMMS,Axle Counter & Track Circuit Check,Pune - Miraj Line,UP Line,74.102316,17.9884039,1,16,90,2026-08-21T09:05:12.790394
REQ-IR-2026-0558,TMS,Deep Screening & Tamping,Pune - Lonavala Line,Yard Siding,73.8685113,18.5315349,1,21,240,2026-08-16T03:22:12.790394
REQ-IR-2026-0559,TDMS,OHE Insulation & Cantilever Testing,Pune - Lonavala Line,UP Line,73.7596048,18.5843753,2,11,180,2026-08-26T06:54:12.790394
REQ-IR-2026-0560,TMS,Deep Screening & Tamping,Pune - Miraj Line,UP Line,74.4774558,17.098688,1,13,240,2026-08-24T14:20:12.790394
REQ-IR-2026-0561,SMMS,Axle Counter & Track Circuit Check,Pune - Lonavala Line,DOWN Line,73.5187496,18.7000084,5,1,90,2026-09-05T16:44:12.790394
REQ-IR-2026-0562,TMS,Deep Screening & Tamping,Pune - Lonavala Line,UP Line,73.4483385,18.7343672,3,28,240,2026-08-09T08:05:12.790394
REQ-IR-2026-0563,TDMS,Neutral Section Inspection,Pune - Daund Line,Yard Siding,74.2101305,18.4978257,2,16,90,2026-08-20T22:15:12.790394
REQ-IR-2026-0564,TDMS,Substation Transformer Testing,Pune - Lonavala Line,DOWN Line,73.5443375,18.6880959,1,13,120,2026-08-24T11:49:12.790394
REQ-IR-2026-0565,TMS,USFD Rail Flaw Testing,Pune - Daund Line,Yard Siding,74.5410533,18.4667558,3,25,120,2026-08-12T16:55:12.790394
REQ-IR-2026-0566,TMS,Rail Joint Welding Inspection,Pune - Daund Line,DOWN Line,74.2058822,18.4980744,2,11,90,2026-08-26T03:23:12.790394
REQ-IR-2026-0567,SMMS,Signal Point Testing & Interlocking,Pune - Miraj Line,DOWN Line,74.5109112,17.0193837,1,20,60,2026-08-17T10:14:12.790394
REQ-IR-2026-0568,SMMS,Signal Point Testing & Interlocking,Pune - Daund Line,DOWN Line,74.3144904,18.4879749,1,12,60,2026-08-25T08:58:12.790394
REQ-IR-2026-0569,TMS,USFD Rail Flaw Testing,Pune - Miraj Line,DOWN Line,74.0549247,18.1004024,3,10,120,2026-08-27T13:31:12.790394
REQ-IR-2026-0570,TMS,USFD Rail Flaw Testing,Pune - Miraj Line,DOWN Line,74.1068931,17.9778083,4,1,120,2026-09-05T07:49:12.790394
REQ-IR-2026-0571,SMMS,Axle Counter & Track Circuit Check,Pune - Miraj Line,UP Line,74.0744384,18.0544186,4,1,90,2026-09-05T01:37:12.790394
REQ-IR-2026-0572,TMS,Deep Screening & Tamping,Pune - Miraj Line,UP Line,74.4967805,17.0537869,3,22,240,2026-08-15T13:32:12.790394
REQ-IR-2026-0573,SMMS,Axle Counter & Track Circuit Check,Pune - Daund Line,Yard Siding,74.0388037,18.5137384,3,13,90,2026-08-24T11:15:12.790394
REQ-IR-2026-0574,SMMS,Block Instrument Maintenance,Pune - Daund Line,Yard Siding,73.8746777,18.5287927,1,25,45,2026-08-12T00:35:12.790394
REQ-IR-2026-0575,TMS,USFD Rail Flaw Testing,Pune - Daund Line,UP Line,73.94242,18.5224182,3,15,120,2026-08-22T05:35:12.790394
REQ-IR-2026-0576,SMMS,Signal Point Testing & Interlocking,Pune - Lonavala Line,UP Line,73.8530695,18.5391333,1,20,60,2026-08-16T19:58:12.790394
REQ-IR-2026-0577,TMS,USFD Rail Flaw Testing,Pune - Daund Line,UP Line,74.3652347,18.483395,1,19,120,2026-08-18T03:14:12.790394
REQ-IR-2026-0578,TDMS,Neutral Section Inspection,Pune - Lonavala Line,UP Line,73.5789305,18.6711532,4,7,90,2026-08-30T10:21:12.790394
REQ-IR-2026-0579,SMMS,Signal Point Testing & Interlocking,Pune - Lonavala Line,Yard Siding,73.7358698,18.5957178,1,21,60,2026-08-16T06:32:12.790394
REQ-IR-2026-0580,TMS,USFD Rail Flaw Testing,Pune - Daund Line,DOWN Line,74.4161583,18.4783495,1,21,120,2026-08-16T00:38:12.790394
REQ-IR-2026-0581,TMS,Deep Screening & Tamping,Pune - Daund Line,DOWN Line,74.3760288,18.4821141,2,23,240,2026-08-13T19:59:12.790394
REQ-IR-2026-0582,TMS,Deep Screening & Tamping,Pune - Lonavala Line,DOWN Line,73.754724,18.5865786,1,19,240,2026-08-18T10:52:12.790394
REQ-IR-2026-0583,TMS,USFD Rail Flaw Testing,Pune - Miraj Line,Yard Siding,74.3270133,17.4562084,1,21,120,2026-08-16T05:52:12.790394
REQ-IR-2026-0584,TMS,USFD Rail Flaw Testing,Pune - Lonavala Line,DOWN Line,73.6374793,18.6429586,2,19,120,2026-08-18T07:49:12.790394
REQ-IR-2026-0585,SMMS,Axle Counter & Track Circuit Check,Pune - Lonavala Line,Yard Siding,73.8275189,18.5516854,3,24,90,2026-08-13T10:32:12.790394
REQ-IR-2026-0586,SMMS,Signal Point Testing & Interlocking,Pune - Lonavala Line,DOWN Line,73.4677346,18.7247824,4,3,60,2026-09-03T04:35:12.790394
REQ-IR-2026-0587,TMS,USFD Rail Flaw Testing,Pune - Lonavala Line,DOWN Line,73.7026879,18.6117118,4,6,120,2026-08-31T03:57:12.790394
REQ-IR-2026-0588,TMS,USFD Rail Flaw Testing,Pune - Miraj Line,Yard Siding,74.55316,16.919276,1,19,120,2026-08-18T08:01:12.790394
REQ-IR-2026-0589,SMMS,Axle Counter & Track Circuit Check,Pune - Daund Line,UP Line,73.9415621,18.5225714,2,7,90,2026-08-30T19:26:12.790394
REQ-IR-2026-0590,TMS,Rail Joint Welding Inspection,Pune - Miraj Line,UP Line,74.1681997,17.8321504,3,5,90,2026-09-01T08:20:12.790394
REQ-IR-2026-0591,TMS,Rail Joint Welding Inspection,Pune - Daund Line,UP Line,74.4931863,18.4712349,2,19,90,2026-08-18T08:43:12.790394
REQ-IR-2026-0592,TMS,Deep Screening & Tamping,Pune - Miraj Line,DOWN Line,74.495676,17.0561389,2,14,240,2026-08-23T05:00:12.790394
REQ-IR-2026-0593,TMS,USFD Rail Flaw Testing,Pune - Miraj Line,DOWN Line,74.1517307,17.8711112,2,16,120,2026-08-21T06:26:12.790394
REQ-IR-2026-0594,TMS,USFD Rail Flaw Testing,Pune - Daund Line,Yard Siding,73.9767204,18.5195152,2,20,120,2026-08-17T03:49:12.790394
REQ-IR-2026-0595,TMS,Deep Screening & Tamping,Pune - Miraj Line,Yard Siding,73.9543182,18.3397478,1,17,240,2026-08-19T22:38:12.790394
REQ-IR-2026-0596,SMMS,Axle Counter & Track Circuit Check,Pune - Daund Line,DOWN Line,74.3882003,18.4812352,2,28,90,2026-08-09T16:12:12.790394
REQ-IR-2026-0597,TMS,USFD Rail Flaw Testing,Pune - Daund Line,DOWN Line,74.506303,18.4699034,1,20,120,2026-08-17T11:01:12.790394
REQ-IR-2026-0598,TMS,USFD Rail Flaw Testing,Pune - Miraj Line,UP Line,74.1351333,17.9108212,1,21,120,2026-08-16T06:32:12.790394
REQ-IR-2026-0599,SMMS,Signal Point Testing & Interlocking,Pune - Miraj Line,Yard Siding,73.9437889,18.3642978,1,16,60,2026-08-21T13:45:12.790394
REQ-IR-2026-0600,TMS,Deep Screening & Tamping,Pune - Lonavala Line,DOWN Line,73.534782,18.6925356,1,17,240,2026-08-20T12:32:12.790394
REQ-IR-2026-0601,TMS,Deep Screening & Tamping,Pune - Lonavala Line,UP Line,73.7521412,18.5876663,2,19,240,2026-08-18T18:41:12.790394
REQ-IR-2026-0602,TMS,USFD Rail Flaw Testing,Pune - Lonavala Line,UP Line,73.6144376,18.6542087,3,26,120,2026-08-10T21:39:12.790394
REQ-IR-2026-0603,TMS,USFD Rail Flaw Testing,Pune - Lonavala Line,UP Line,73.7740024,18.577299,3,18,120,2026-08-19T12:53:12.790394
REQ-IR-2026-0604,SMMS,Axle Counter & Track Circuit Check,Pune - Lonavala Line,Yard Siding,73.6910509,18.617129,1,25,90,2026-08-12T11:51:12.790394
REQ-IR-2026-0605,SMMS,Signal Point Testing & Interlocking,Pune - Daund Line,Yard Siding,73.9078387,18.5256871,3,11,60,2026-08-25T20:28:12.790394
REQ-IR-2026-0606,TDMS,Substation Transformer Testing,Pune - Lonavala Line,DOWN Line,73.6715232,18.626637,2,9,120,2026-08-28T11:05:12.790394
REQ-IR-2026-0607,TMS,USFD Rail Flaw Testing,Pune - Daund Line,Yard Siding,74.3091409,18.4883988,2,20,120,2026-08-17T05:48:12.790394
REQ-IR-2026-0608,SMMS,Signal Point Testing & Interlocking,Pune - Lonavala Line,UP Line,73.5129047,18.7030275,2,13,60,2026-08-23T19:57:12.790394
REQ-IR-2026-0609,TMS,Rail Joint Welding Inspection,Pune - Daund Line,Yard Siding,74.2785779,18.4913538,1,13,90,2026-08-24T19:04:12.790394
REQ-IR-2026-0610,TDMS,Substation Transformer Testing,Pune - Lonavala Line,Yard Siding,73.4211346,18.7471732,1,29,120,2026-08-08T07:25:12.790394
REQ-IR-2026-0611,TDMS,Neutral Section Inspection,Pune - Daund Line,UP Line,74.1695482,18.501591,1,15,90,2026-08-22T03:02:12.790394
REQ-IR-2026-0612,SMMS,Signal Point Testing & Interlocking,Pune - Miraj Line,DOWN Line,74.0961496,18.0027355,2,25,60,2026-08-12T10:41:12.790394
REQ-IR-2026-0613,SMMS,Signal Point Testing & Interlocking,Pune - Miraj Line,Yard Siding,73.9546191,18.3382343,4,1,60,2026-09-05T09:38:12.790394
REQ-IR-2026-0614,SMMS,Block Instrument Maintenance,Pune - Miraj Line,UP Line,74.4074677,17.265032,1,19,45,2026-08-18T05:29:12.790394
REQ-IR-2026-0615,TMS,Deep Screening & Tamping,Pune - Miraj Line,UP Line,74.2716134,17.5866608,2,20,240,2026-08-17T19:23:12.790394
REQ-IR-2026-0616,SMMS,Signal Point Testing & Interlocking,Pune - Lonavala Line,UP Line,73.4634548,18.726892,2,16,60,2026-08-21T06:44:12.790394
REQ-IR-2026-0617,SMMS,Signal Point Testing & Interlocking,Pune - Lonavala Line,Yard Siding,73.7137633,18.6061103,1,15,60,2026-08-22T13:15:12.790394
REQ-IR-2026-0618,TMS,Rail Joint Welding Inspection,Pune - Miraj Line,Yard Siding,74.1251471,17.9344614,2,22,90,2026-08-15T09:08:12.790394
REQ-IR-2026-0619,TDMS,Substation Transformer Testing,Pune - Lonavala Line,DOWN Line,73.501453,18.7085173,1,13,120,2026-08-24T06:53:12.790394
REQ-IR-2026-0620,TDMS,OHE Insulation & Cantilever Testing,Pune - Daund Line,Yard Siding,74.1725654,18.5011618,1,18,180,2026-08-19T04:22:12.790394
REQ-IR-2026-0621,TMS,Deep Screening & Tamping,Pune - Daund Line,Yard Siding,74.1087023,18.5071788,3,14,240,2026-08-23T03:57:12.790394
REQ-IR-2026-0622,TDMS,OHE Insulation & Cantilever Testing,Pune - Lonavala Line,UP Line,73.5366238,18.691363,1,14,180,2026-08-23T04:44:12.790394
REQ-IR-2026-0623,TMS,USFD Rail Flaw Testing,Pune - Lonavala Line,UP Line,73.6914199,18.61688,1,15,120,2026-08-22T07:37:12.790394
REQ-IR-2026-0624,TMS,Deep Screening & Tamping,Pune - Lonavala Line,DOWN Line,73.6335089,18.6450959,2,17,240,2026-08-20T06:44:12.790394
REQ-IR-2026-0625,TDMS,OHE Insulation & Cantilever Testing,Pune - Lonavala Line,Yard Siding,73.7767402,18.5759681,4,6,180,2026-08-31T04:26:12.790394
REQ-IR-2026-0626,TMS,USFD Rail Flaw Testing,Pune - Miraj Line,Yard Siding,74.1434368,17.8913259,2,20,120,2026-08-16T21:01:12.790394
REQ-IR-2026-0627,TMS,USFD Rail Flaw Testing,Pune - Daund Line,Yard Siding,74.2910069,18.4902058,2,15,120,2026-08-21T20:29:12.790394
REQ-IR-2026-0628,TMS,Deep Screening & Tamping,Pune - Lonavala Line,Yard Siding,73.7154924,18.605417,1,15,240,2026-08-21T22:39:12.790394
REQ-IR-2026-0629,SMMS,Axle Counter & Track Circuit Check,Pune - Lonavala Line,Yard Siding,73.4881503,18.7149274,1,18,90,2026-08-18T20:49:12.790394
REQ-IR-2026-0630,TMS,Deep Screening & Tamping,Pune - Lonavala Line,UP Line,73.556868,18.6819854,1,9,240,2026-08-27T23:05:12.790394
REQ-IR-2026-0631,TMS,Deep Screening & Tamping,Pune - Lonavala Line,DOWN Line,73.7034605,18.6113497,1,14,240,2026-08-23T07:03:12.790394
REQ-IR-2026-0632,SMMS,Axle Counter & Track Circuit Check,Pune - Lonavala Line,Yard Siding,73.6095853,18.6564684,3,9,90,2026-08-28T13:15:12.790394
REQ-IR-2026-0633,TMS,USFD Rail Flaw Testing,Pune - Miraj Line,Yard Siding,73.9271513,18.403834,2,16,120,2026-08-20T22:21:12.790394
REQ-IR-2026-0634,TMS,Rail Joint Welding Inspection,Pune - Daund Line,Yard Siding,74.2138645,18.4970981,3,24,90,2026-08-12T21:04:12.790394
REQ-IR-2026-0635,TMS,Deep Screening & Tamping,Pune - Daund Line,DOWN Line,74.4841186,18.4723138,2,10,240,2026-08-27T04:09:12.790394
REQ-IR-2026-0636,TDMS,Neutral Section Inspection,Pune - Miraj Line,Yard Siding,74.4763093,17.1013461,1,16,90,2026-08-21T14:37:12.790394
REQ-IR-2026-0637,TMS,Rail Joint Welding Inspection,Pune - Lonavala Line,DOWN Line,73.4389853,18.7387689,1,18,90,2026-08-18T21:27:12.790394
REQ-IR-2026-0638,TDMS,OHE Insulation & Cantilever Testing,Pune - Miraj Line,UP Line,74.1857953,17.7902989,5,2,180,2026-09-04T11:19:12.790394
REQ-IR-2026-0639,TMS,Deep Screening & Tamping,Pune - Miraj Line,DOWN Line,74.4122412,17.2535292,2,13,240,2026-08-24T08:27:12.790394
REQ-IR-2026-0640,TMS,USFD Rail Flaw Testing,Pune - Miraj Line,Yard Siding,74.109963,17.9702311,4,5,120,2026-08-31T23:24:12.790394
REQ-IR-2026-0641,TDMS,Substation Transformer Testing,Pune - Lonavala Line,DOWN Line,73.5282234,18.6956582,2,13,120,2026-08-24T04:19:12.790394
REQ-IR-2026-0642,TMS,USFD Rail Flaw Testing,Pune - Daund Line,Yard Siding,73.9949149,18.5178447,2,20,120,2026-08-17T18:15:12.790394
REQ-IR-2026-0643,TMS,USFD Rail Flaw Testing,Pune - Daund Line,DOWN Line,73.9209482,18.5246082,5,1,120,2026-09-05T18:38:12.790394
REQ-IR-2026-0644,TMS,USFD Rail Flaw Testing,Pune - Daund Line,Yard Siding,74.3816645,18.4818895,1,18,120,2026-08-19T02:59:12.790394
REQ-IR-2026-0645,TMS,USFD Rail Flaw Testing,Pune - Lonavala Line,Yard Siding,73.4671439,18.7248923,1,17,120,2026-08-20T19:19:12.790394
REQ-IR-2026-0646,TMS,USFD Rail Flaw Testing,Pune - Miraj Line,DOWN Line,74.527131,16.9815939,3,23,120,2026-08-14T06:09:12.790394
REQ-IR-2026-0647,SMMS,Signal Point Testing & Interlocking,Pune - Daund Line,Yard Siding,74.3460307,18.4849477,1,10,60,2026-08-27T18:52:12.790394
REQ-IR-2026-0648,SMMS,Signal Point Testing & Interlocking,Pune - Miraj Line,UP Line,74.2819498,17.5627761,2,20,60,2026-08-16T23:11:12.790394
REQ-IR-2026-0649,SMMS,Signal Point Testing & Interlocking,Pune - Daund Line,DOWN Line,74.5166915,18.4689297,1,19,60,2026-08-18T08:27:12.790394
REQ-IR-2026-0650,TMS,USFD Rail Flaw Testing,Pune - Daund Line,DOWN Line,74.1068957,18.5070479,1,22,120,2026-08-15T04:53:12.790394
REQ-IR-2026-0651,TMS,Deep Screening & Tamping,Pune - Miraj Line,Yard Siding,74.2794207,17.568277,1,10,240,2026-08-27T02:46:12.790394
REQ-IR-2026-0652,TMS,USFD Rail Flaw Testing,Pune - Lonavala Line,Yard Siding,73.5272275,18.6959826,2,16,120,2026-08-21T01:26:12.790394
REQ-IR-2026-0653,TDMS,Substation Transformer Testing,Pune - Lonavala Line,UP Line,73.650854,18.6366979,1,18,120,2026-08-19T01:38:12.790394
REQ-IR-2026-0654,TDMS,Substation Transformer Testing,Pune - Miraj Line,UP Line,74.1176811,17.9520786,4,4,120,2026-09-02T05:57:12.790394
REQ-IR-2026-0655,SMMS,Signal Point Testing & Interlocking,Pune - Miraj Line,DOWN Line,74.1245614,17.9356086,1,14,60,2026-08-23T07:18:12.790394
REQ-IR-2026-0656,TMS,Rail Joint Welding Inspection,Pune - Daund Line,DOWN Line,73.9504675,18.5217647,2,25,90,2026-08-12T18:02:12.790394
REQ-IR-2026-0657,TMS,USFD Rail Flaw Testing,Pune - Miraj Line,UP Line,73.9888218,18.2577546,1,12,120,2026-08-25T19:20:12.790394
REQ-IR-2026-0658,TMS,Deep Screening & Tamping,Pune - Daund Line,DOWN Line,74.1005582,18.5078675,2,11,240,2026-08-25T22:07:12.790394
REQ-IR-2026-0659,TMS,USFD Rail Flaw Testing,Pune - Lonavala Line,DOWN Line,73.7483287,18.5897048,4,4,120,2026-09-02T11:09:12.790394
REQ-IR-2026-0660,TMS,Deep Screening & Tamping,Pune - Daund Line,UP Line,74.5382969,18.4671954,4,3,240,2026-09-03T15:44:12.790394
REQ-IR-2026-0661,TMS,Rail Joint Welding Inspection,Pune - Miraj Line,Yard Siding,73.9782223,18.2833004,2,17,90,2026-08-20T10:26:12.790394
REQ-IR-2026-0662,SMMS,Axle Counter & Track Circuit Check,Pune - Lonavala Line,DOWN Line,73.5445255,18.6877694,1,10,90,2026-08-26T23:42:12.790394
REQ-IR-2026-0663,TMS,USFD Rail Flaw Testing,Pune - Daund Line,UP Line,74.0013865,18.5171633,2,17,120,2026-08-20T01:41:12.790394
REQ-IR-2026-0664,SMMS,Axle Counter & Track Circuit Check,Pune - Miraj Line,Yard Siding,74.1540923,17.8658174,1,23,90,2026-08-13T21:50:12.790394
REQ-IR-2026-0665,TMS,USFD Rail Flaw Testing,Pune - Miraj Line,DOWN Line,74.0072022,18.2143656,3,22,120,2026-08-15T15:37:12.790394
REQ-IR-2026-0666,SMMS,Axle Counter & Track Circuit Check,Pune - Miraj Line,UP Line,74.1449277,17.8877988,1,14,90,2026-08-23T00:06:12.790394
REQ-IR-2026-0667,SMMS,Axle Counter & Track Circuit Check,Pune - Daund Line,UP Line,74.3021118,18.489077,3,17,90,2026-08-20T13:48:12.790394
REQ-IR-2026-0668,SMMS,Signal Point Testing & Interlocking,Pune - Miraj Line,Yard Siding,74.0391398,18.1385699,4,4,60,2026-09-01T20:34:12.790394
REQ-IR-2026-0669,SMMS,Signal Point Testing & Interlocking,Pune - Daund Line,DOWN Line,74.0447813,18.5131261,4,2,60,2026-09-04T01:14:12.790394
REQ-IR-2026-0670,TMS,Deep Screening & Tamping,Pune - Miraj Line,Yard Siding,74.2327373,17.6791972,2,16,240,2026-08-21T15:40:12.790394
REQ-IR-2026-0671,TMS,USFD Rail Flaw Testing,Pune - Lonavala Line,DOWN Line,73.7367869,18.595244,1,14,120,2026-08-23T13:03:12.790394
REQ-IR-2026-0672,TDMS,Neutral Section Inspection,Pune - Daund Line,DOWN Line,74.3132415,18.4881669,2,13,90,2026-08-23T22:02:12.790394
REQ-IR-2026-0673,TMS,USFD Rail Flaw Testing,Pune - Lonavala Line,Yard Siding,73.8236266,18.5534713,5,7,120,2026-08-30T18:53:12.790394
REQ-IR-2026-0674,SMMS,Axle Counter & Track Circuit Check,Pune - Lonavala Line,DOWN Line,73.5878319,18.6670809,1,15,90,2026-08-22T01:11:12.790394
REQ-IR-2026-0675,TMS,Deep Screening & Tamping,Pune - Miraj Line,Yard Siding,74.3018836,17.5152635,2,25,240,2026-08-12T11:38:12.790394
REQ-IR-2026-0676,SMMS,Block Instrument Maintenance,Pune - Miraj Line,DOWN Line,74.4065215,17.2675148,3,28,45,2026-08-09T09:02:12.790394
REQ-IR-2026-0677,TDMS,Neutral Section Inspection,Pune - Miraj Line,Yard Siding,73.9506539,18.3485533,2,15,90,2026-08-22T06:45:12.790394
REQ-IR-2026-0678,TMS,USFD Rail Flaw Testing,Pune - Daund Line,UP Line,74.4335502,18.4766348,2,11,120,2026-08-25T23:09:12.790394
REQ-IR-2026-0679,TDMS,Neutral Section Inspection,Pune - Lonavala Line,Yard Siding,73.4592218,18.7290171,3,18,90,2026-08-19T08:48:12.790394
REQ-IR-2026-0680,SMMS,Axle Counter & Track Circuit Check,Pune - Lonavala Line,UP Line,73.5565744,18.6818347,3,17,90,2026-08-20T01:58:12.790394
REQ-IR-2026-0681,TMS,USFD Rail Flaw Testing,Pune - Lonavala Line,UP Line,73.5486924,18.6858821,1,28,120,2026-08-09T06:30:12.790394
REQ-IR-2026-0682,TMS,Deep Screening & Tamping,Pune - Lonavala Line,UP Line,73.7498941,18.588684,3,16,240,2026-08-20T20:22:12.790394
REQ-IR-2026-0683,SMMS,Axle Counter & Track Circuit Check,Pune - Daund Line,UP Line,74.2231951,18.4963675,4,3,90,2026-09-03T03:12:12.790394
REQ-IR-2026-0684,TMS,Rail Joint Welding Inspection,Pune - Lonavala Line,Yard Siding,73.6650651,18.6296331,4,2,90,2026-09-04T04:37:12.790394
REQ-IR-2026-0685,TMS,Deep Screening & Tamping,Pune - Miraj Line,UP Line,74.0082636,18.2120227,1,27,240,2026-08-10T02:03:12.790394
REQ-IR-2026-0686,TMS,USFD Rail Flaw Testing,Pune - Lonavala Line,UP Line,73.4375395,18.7391814,1,12,120,2026-08-25T19:25:12.790394
REQ-IR-2026-0687,SMMS,Block Instrument Maintenance,Pune - Daund Line,DOWN Line,73.8925476,18.5272663,5,1,45,2026-09-05T00:57:12.790394
REQ-IR-2026-0688,TDMS,OHE Insulation & Cantilever Testing,Pune - Daund Line,UP Line,74.1167973,18.5061699,4,2,180,2026-09-04T10:49:12.790394
REQ-IR-2026-0689,TDMS,OHE Insulation & Cantilever Testing,Pune - Daund Line,DOWN Line,74.2197374,18.4966795,3,24,180,2026-08-13T05:45:12.790394
REQ-IR-2026-0690,TDMS,Substation Transformer Testing,Pune - Miraj Line,UP Line,74.0215456,18.1799911,2,24,120,2026-08-13T19:11:12.790394
REQ-IR-2026-0691,SMMS,Block Instrument Maintenance,Pune - Daund Line,UP Line,74.341922,18.4854306,1,22,45,2026-08-14T21:00:12.790394
REQ-IR-2026-0692,SMMS,Block Instrument Maintenance,Pune - Miraj Line,Yard Siding,74.3949267,17.2947588,2,28,45,2026-08-09T17:14:12.790394
REQ-IR-2026-0693,TMS,Deep Screening & Tamping,Pune - Miraj Line,DOWN Line,74.1522816,17.8702917,1,10,240,2026-08-27T10:18:12.790394
REQ-IR-2026-0694,TMS,USFD Rail Flaw Testing,Pune - Daund Line,UP Line,74.0289937,18.5145393,1,19,120,2026-08-18T15:23:12.790394
REQ-IR-2026-0695,SMMS,Block Instrument Maintenance,Pune - Lonavala Line,Yard Siding,73.4319514,18.7420888,2,7,45,2026-08-30T14:45:12.790394
REQ-IR-2026-0696,TMS,Deep Screening & Tamping,Pune - Lonavala Line,Yard Siding,73.5469692,18.6868823,1,19,240,2026-08-18T15:14:12.790394
REQ-IR-2026-0697,TDMS,Neutral Section Inspection,Pune - Lonavala Line,UP Line,73.5662361,18.6773165,1,15,90,2026-08-22T07:24:12.790394
REQ-IR-2026-0698,TMS,Rail Joint Welding Inspection,Pune - Daund Line,DOWN Line,74.2895553,18.4903788,1,17,90,2026-08-20T12:53:12.790394
REQ-IR-2026-0699,SMMS,Axle Counter & Track Circuit Check,Pune - Lonavala Line,DOWN Line,73.4840559,18.717019,1,19,90,2026-08-18T17:22:12.790394
REQ-IR-2026-0700,TMS,Deep Screening & Tamping,Pune - Miraj Line,UP Line,74.3008289,17.5179164,1,17,240,2026-08-20T00:14:12.790394
REQ-IR-2026-0701,TMS,USFD Rail Flaw Testing,Pune - Daund Line,Yard Siding,73.9835068,18.5186655,1,18,120,2026-08-19T12:23:12.790394
REQ-IR-2026-0702,TMS,Rail Joint Welding Inspection,Pune - Miraj Line,UP Line,74.0033193,18.2229584,1,11,90,2026-08-26T12:08:12.790394
REQ-IR-2026-0703,SMMS,Signal Point Testing & Interlocking,Pune - Daund Line,DOWN Line,74.0888278,18.5088096,3,19,60,2026-08-18T13:10:12.790394
REQ-IR-2026-0704,TMS,USFD Rail Flaw Testing,Pune - Lonavala Line,DOWN Line,73.5679991,18.6762913,1,20,120,2026-08-17T19:26:12.790394
REQ-IR-2026-0705,TDMS,Substation Transformer Testing,Pune - Daund Line,DOWN Line,73.9245341,18.5242929,1,22,120,2026-08-14T23:07:12.790394
REQ-IR-2026-0706,TMS,Deep Screening & Tamping,Pune - Lonavala Line,DOWN Line,73.7250168,18.6010126,1,22,240,2026-08-15T04:54:12.790394
REQ-IR-2026-0707,TDMS,OHE Insulation & Cantilever Testing,Pune - Lonavala Line,DOWN Line,73.5419815,18.6890318,2,14,180,2026-08-22T22:23:12.790394
REQ-IR-2026-0708,TMS,USFD Rail Flaw Testing,Pune - Miraj Line,Yard Siding,74.3970985,17.2897464,1,24,120,2026-08-13T12:52:12.790394
REQ-IR-2026-0709,TMS,USFD Rail Flaw Testing,Pune - Daund Line,DOWN Line,74.4488228,18.4753287,2,22,120,2026-08-14T23:55:12.790394
REQ-IR-2026-0710,SMMS,Signal Point Testing & Interlocking,Pune - Lonavala Line,Yard Siding,73.4829115,18.7175948,2,24,60,2026-08-13T11:49:12.790394
REQ-IR-2026-0711,SMMS,Signal Point Testing & Interlocking,Pune - Miraj Line,Yard Siding,73.9446863,18.3624496,1,23,60,2026-08-14T15:53:12.790394
REQ-IR-2026-0712,TMS,Deep Screening & Tamping,Pune - Lonavala Line,Yard Siding,73.7037172,18.6113138,2,16,240,2026-08-20T21:01:12.790394
REQ-IR-2026-0713,TMS,Deep Screening & Tamping,Pune - Daund Line,DOWN Line,74.140479,18.5041227,2,19,240,2026-08-18T13:08:12.790394
REQ-IR-2026-0714,TMS,Rail Joint Welding Inspection,Pune - Lonavala Line,UP Line,73.4926,18.7127074,5,3,90,2026-09-03T15:20:12.790394
REQ-IR-2026-0715,SMMS,Signal Point Testing & Interlocking,Pune - Miraj Line,UP Line,74.5187588,17.000904,2,15,60,2026-08-22T07:37:12.790394
REQ-IR-2026-0716,TMS,USFD Rail Flaw Testing,Pune - Miraj Line,Yard Siding,74.1042449,17.9837683,4,1,120,2026-09-05T09:27:12.790394
REQ-IR-2026-0717,TMS,Rail Joint Welding Inspection,Pune - Daund Line,Yard Siding,73.9779559,18.5192945,2,22,90,2026-08-15T15:36:12.790394
REQ-IR-2026-0718,TMS,USFD Rail Flaw Testing,Pune - Lonavala Line,DOWN Line,73.724281,18.6011117,4,1,120,2026-09-05T09:49:12.790394
REQ-IR-2026-0719,SMMS,Signal Point Testing & Interlocking,Pune - Daund Line,DOWN Line,74.2631886,18.4926366,4,1,60,2026-09-05T09:43:12.790394
REQ-IR-2026-0720,SMMS,Signal Point Testing & Interlocking,Pune - Daund Line,Yard Siding,74.1128253,18.5066673,2,19,60,2026-08-18T02:41:12.790394
REQ-IR-2026-0721,TMS,Rail Joint Welding Inspection,Pune - Daund Line,DOWN Line,74.4410337,18.4759428,3,15,90,2026-08-22T10:12:12.790394
REQ-IR-2026-0722,SMMS,Signal Point Testing & Interlocking,Pune - Miraj Line,UP Line,74.4018033,17.2787894,2,17,60,2026-08-20T11:23:12.790394
REQ-IR-2026-0723,TMS,Deep Screening & Tamping,Pune - Lonavala Line,Yard Siding,73.6465891,18.6385698,3,21,240,2026-08-15T20:51:12.790394
REQ-IR-2026-0724,TMS,Rail Joint Welding Inspection,Pune - Lonavala Line,DOWN Line,73.7672404,18.5803577,3,18,90,2026-08-18T23:14:12.790394
REQ-IR-2026-0725,TMS,USFD Rail Flaw Testing,Pune - Lonavala Line,UP Line,73.5093065,18.7044867,2,21,120,2026-08-15T21:29:12.790394
REQ-IR-2026-0726,TMS,USFD Rail Flaw Testing,Pune - Daund Line,DOWN Line,74.4641939,18.4738943,2,26,120,2026-08-11T08:44:12.790394
REQ-IR-2026-0727,TMS,USFD Rail Flaw Testing,Pune - Miraj Line,Yard Siding,73.8927514,18.4855114,1,33,120,2026-08-04T01:46:12.790394
REQ-IR-2026-0728,TDMS,Neutral Section Inspection,Pune - Daund Line,Yard Siding,74.4127691,18.4787544,1,21,90,2026-08-16T13:56:12.790394
REQ-IR-2026-0729,SMMS,Signal Point Testing & Interlocking,Pune - Miraj Line,Yard Siding,74.0888716,18.020082,1,12,60,2026-08-25T06:41:12.790394
REQ-IR-2026-0730,SMMS,Signal Point Testing & Interlocking,Pune - Miraj Line,DOWN Line,74.0335866,18.1513961,1,17,60,2026-08-20T03:33:12.790394
REQ-IR-2026-0731,TMS,USFD Rail Flaw Testing,Pune - Daund Line,Yard Siding,74.3164898,18.4877779,2,16,120,2026-08-21T01:07:12.790394
REQ-IR-2026-0732,TMS,Deep Screening & Tamping,Pune - Daund Line,DOWN Line,74.1270664,18.5054063,3,14,240,2026-08-23T08:18:12.790394
REQ-IR-2026-0733,TMS,Deep Screening & Tamping,Pune - Lonavala Line,DOWN Line,73.7951989,18.5669331,1,20,240,2026-08-17T01:36:12.790394
REQ-IR-2026-0734,TMS,Deep Screening & Tamping,Pune - Daund Line,UP Line,74.0597268,18.5115393,1,21,240,2026-08-16T15:47:12.790394
REQ-IR-2026-0735,TMS,Deep Screening & Tamping,Pune - Lonavala Line,UP Line,73.5506078,18.684714,5,1,240,2026-09-05T18:31:12.790394
REQ-IR-2026-0736,TMS,Deep Screening & Tamping,Pune - Lonavala Line,Yard Siding,73.4508853,18.7329536,1,17,240,2026-08-20T15:46:12.790394
REQ-IR-2026-0737,TDMS,OHE Insulation & Cantilever Testing,Pune - Lonavala Line,UP Line,73.7612144,18.5832072,3,1,180,2026-09-05T17:42:12.790394
REQ-IR-2026-0738,SMMS,Block Instrument Maintenance,Pune - Daund Line,Yard Siding,74.1639601,18.5017819,3,16,45,2026-08-20T20:47:12.790394
REQ-IR-2026-0739,TMS,Deep Screening & Tamping,Pune - Lonavala Line,UP Line,73.6698549,18.6276315,3,17,240,2026-08-20T02:24:12.790394
REQ-IR-2026-0740,TMS,Deep Screening & Tamping,Pune - Daund Line,UP Line,74.536324,18.4673818,1,15,240,2026-08-22T02:09:12.790394
REQ-IR-2026-0741,TMS,USFD Rail Flaw Testing,Pune - Miraj Line,Yard Siding,74.5415018,16.9473867,1,15,120,2026-08-22T08:05:12.790394
REQ-IR-2026-0742,SMMS,Block Instrument Maintenance,Pune - Daund Line,DOWN Line,74.1910952,18.499389,1,23,45,2026-08-14T04:58:12.790394
REQ-IR-2026-0743,SMMS,Signal Point Testing & Interlocking,Pune - Daund Line,UP Line,74.2969753,18.4893928,3,10,60,2026-08-26T23:12:12.790394
REQ-IR-2026-0744,TMS,USFD Rail Flaw Testing,Pune - Miraj Line,DOWN Line,74.0588509,18.0911223,5,6,120,2026-08-31T11:34:12.790394
REQ-IR-2026-0745,TMS,USFD Rail Flaw Testing,Pune - Miraj Line,DOWN Line,73.9841309,18.2683399,1,16,120,2026-08-21T05:00:12.790394
REQ-IR-2026-0746,TDMS,OHE Insulation & Cantilever Testing,Pune - Lonavala Line,Yard Siding,73.4667267,18.7254551,1,20,180,2026-08-17T04:27:12.790394
REQ-IR-2026-0747,SMMS,Axle Counter & Track Circuit Check,Pune - Daund Line,UP Line,74.1365672,18.5044863,1,14,90,2026-08-23T15:25:12.790394
REQ-IR-2026-0748,SMMS,Signal Point Testing & Interlocking,Pune - Lonavala Line,DOWN Line,73.4347574,18.7407358,3,13,60,2026-08-24T18:26:12.790394
REQ-IR-2026-0749,TMS,Deep Screening & Tamping,Pune - Miraj Line,Yard Siding,74.4260627,17.2205545,2,19,240,2026-08-18T02:35:12.790394
REQ-IR-2026-0750,TMS,Deep Screening & Tamping,Pune - Daund Line,Yard Siding,74.349665,18.4845063,4,1,240,2026-09-05T15:56:12.790394
REQ-IR-2026-0751,SMMS,Axle Counter & Track Circuit Check,Pune - Miraj Line,UP Line,73.982709,18.2721668,3,16,90,2026-08-21T15:08:12.790394
REQ-IR-2026-0752,TMS,Rail Joint Welding Inspection,Pune - Lonavala Line,DOWN Line,73.5969823,18.6625444,2,18,90,2026-08-18T22:30:12.790394
REQ-IR-2026-0753,TMS,Deep Screening & Tamping,Pune - Miraj Line,Yard Siding,74.1525716,17.8698021,1,16,240,2026-08-21T05:03:12.790394
REQ-IR-2026-0754,SMMS,Block Instrument Maintenance,Pune - Lonavala Line,Yard Siding,73.6198756,18.6515333,2,28,45,2026-08-09T16:05:12.790394
REQ-IR-2026-0755,TDMS,Substation Transformer Testing,Pune - Lonavala Line,UP Line,73.4343827,18.7408737,1,10,120,2026-08-27T00:32:12.790394
REQ-IR-2026-0756,SMMS,Block Instrument Maintenance,Pune - Daund Line,UP Line,74.0600031,18.511454,2,17,45,2026-08-20T09:54:12.790394
REQ-IR-2026-0757,TMS,Rail Joint Welding Inspection,Pune - Miraj Line,Yard Siding,74.5338491,16.9652167,2,19,90,2026-08-18T19:40:12.790394
REQ-IR-2026-0758,TMS,Deep Screening & Tamping,Pune - Daund Line,UP Line,73.881777,18.5281454,3,26,240,2026-08-11T04:25:12.790394
REQ-IR-2026-0759,TDMS,Neutral Section Inspection,Pune - Miraj Line,Yard Siding,73.8910161,18.4893313,2,23,90,2026-08-14T04:46:12.790394
REQ-IR-2026-0760,SMMS,Signal Point Testing & Interlocking,Pune - Miraj Line,Yard Siding,74.1431743,17.8916072,2,7,60,2026-08-30T03:25:12.790394
REQ-IR-2026-0761,SMMS,Axle Counter & Track Circuit Check,Pune - Miraj Line,DOWN Line,73.9259181,18.4068305,1,14,90,2026-08-23T05:42:12.790394
REQ-IR-2026-0762,SMMS,Block Instrument Maintenance,Pune - Lonavala Line,UP Line,73.6672415,18.6284181,1,15,45,2026-08-21T23:33:12.790394
REQ-IR-2026-0763,TMS,Deep Screening & Tamping,Pune - Lonavala Line,Yard Siding,73.6694157,18.6275131,1,18,240,2026-08-19T16:01:12.790394
REQ-IR-2026-0764,TMS,Rail Joint Welding Inspection,Pune - Lonavala Line,DOWN Line,73.6642255,18.6299992,1,10,90,2026-08-27T05:25:12.790394
REQ-IR-2026-0765,TMS,Deep Screening & Tamping,Pune - Miraj Line,Yard Siding,74.1053766,17.9811732,2,16,240,2026-08-20T22:30:12.790394
REQ-IR-2026-0766,SMMS,Block Instrument Maintenance,Pune - Miraj Line,DOWN Line,74.4263395,17.22064,1,11,45,2026-08-26T10:01:12.790394
REQ-IR-2026-0767,TMS,Deep Screening & Tamping,Pune - Miraj Line,DOWN Line,74.5484515,16.9304569,1,23,240,2026-08-14T14:04:12.790394
REQ-IR-2026-0768,TMS,Rail Joint Welding Inspection,Pune - Daund Line,DOWN Line,74.1330033,18.5046789,3,15,90,2026-08-21T20:24:12.790394
REQ-IR-2026-0769,SMMS,Block Instrument Maintenance,Pune - Lonavala Line,UP Line,73.5024003,18.7081533,2,18,45,2026-08-19T13:14:12.790394
REQ-IR-2026-0770,TMS,USFD Rail Flaw Testing,Pune - Daund Line,DOWN Line,74.1133258,18.5064489,1,28,120,2026-08-09T01:04:12.790394
REQ-IR-2026-0771,TMS,Rail Joint Welding Inspection,Pune - Daund Line,DOWN Line,74.2075885,18.4980895,2,13,90,2026-08-24T14:03:12.790394
REQ-IR-2026-0772,SMMS,Signal Point Testing & Interlocking,Pune - Daund Line,DOWN Line,73.971767,18.5196879,2,15,60,2026-08-22T10:53:12.790394
REQ-IR-2026-0773,SMMS,Axle Counter & Track Circuit Check,Pune - Lonavala Line,DOWN Line,73.5976937,18.6621988,3,20,90,2026-08-17T17:16:12.790394
REQ-IR-2026-0774,TMS,Deep Screening & Tamping,Pune - Daund Line,DOWN Line,74.130759,18.5049351,5,1,240,2026-09-05T16:12:12.790394
REQ-IR-2026-0775,TMS,Rail Joint Welding Inspection,Pune - Lonavala Line,DOWN Line,73.8319978,18.5492439,1,16,90,2026-08-21T11:26:12.790394
REQ-IR-2026-0776,TMS,USFD Rail Flaw Testing,Pune - Daund Line,Yard Siding,74.208447,18.4978406,1,34,120,2026-08-03T12:16:12.790394
REQ-IR-2026-0777,TMS,Rail Joint Welding Inspection,Pune - Daund Line,Yard Siding,74.5756639,18.4635603,1,21,90,2026-08-15T23:09:12.790394
REQ-IR-2026-0778,TMS,Rail Joint Welding Inspection,Pune - Daund Line,Yard Siding,73.8967425,18.5268799,3,17,90,2026-08-19T19:55:12.790394
REQ-IR-2026-0779,SMMS,Block Instrument Maintenance,Pune - Miraj Line,UP Line,74.2409596,17.6600342,3,21,45,2026-08-15T23:26:12.790394
REQ-IR-2026-0780,TMS,USFD Rail Flaw Testing,Pune - Miraj Line,DOWN Line,74.4927669,17.0627934,2,18,120,2026-08-19T01:52:12.790394
REQ-IR-2026-0781,TMS,Rail Joint Welding Inspection,Pune - Lonavala Line,Yard Siding,73.815719,18.5572265,1,22,90,2026-08-15T04:57:12.790394
REQ-IR-2026-0782,TMS,USFD Rail Flaw Testing,Pune - Lonavala Line,Yard Siding,73.5424758,18.6888437,1,26,120,2026-08-10T23:39:12.790394
REQ-IR-2026-0783,TMS,Deep Screening & Tamping,Pune - Lonavala Line,UP Line,73.4792506,18.7190945,2,9,240,2026-08-28T03:12:12.790394
REQ-IR-2026-0784,TMS,Deep Screening & Tamping,Pune - Lonavala Line,UP Line,73.44874,18.7339267,1,7,240,2026-08-30T05:58:12.790394
REQ-IR-2026-0785,TMS,USFD Rail Flaw Testing,Pune - Lonavala Line,DOWN Line,73.5359801,18.6917527,3,15,120,2026-08-22T15:51:12.790394
REQ-IR-2026-0786,TDMS,Neutral Section Inspection,Pune - Lonavala Line,DOWN Line,73.6054904,18.6583571,1,16,90,2026-08-21T01:59:12.790394
REQ-IR-2026-0787,TMS,USFD Rail Flaw Testing,Pune - Lonavala Line,Yard Siding,73.791586,18.5688866,3,8,120,2026-08-29T01:38:12.790394
REQ-IR-2026-0788,TMS,USFD Rail Flaw Testing,Pune - Lonavala Line,UP Line,73.789546,18.5696838,1,12,120,2026-08-25T10:25:12.790394
REQ-IR-2026-0789,TMS,Deep Screening & Tamping,Pune - Miraj Line,DOWN Line,73.9285238,18.4003215,1,20,240,2026-08-17T08:29:12.790394
REQ-IR-2026-0790,TDMS,Substation Transformer Testing,Pune - Daund Line,Yard Siding,74.2970695,18.4894055,1,16,120,2026-08-21T05:46:12.790394
REQ-IR-2026-0791,TMS,Rail Joint Welding Inspection,Pune - Lonavala Line,UP Line,73.5213146,18.6991363,1,26,90,2026-08-11T07:12:12.790394
REQ-IR-2026-0792,TDMS,OHE Insulation & Cantilever Testing,Pune - Lonavala Line,DOWN Line,73.5738472,18.6736193,5,1,180,2026-09-04T23:42:12.790394
REQ-IR-2026-0793,TMS,Rail Joint Welding Inspection,Pune - Lonavala Line,UP Line,73.5569807,18.6815731,1,19,90,2026-08-18T00:02:12.790394
REQ-IR-2026-0794,TMS,Rail Joint Welding Inspection,Pune - Miraj Line,UP Line,73.9630602,18.3183913,1,27,90,2026-08-10T13:51:12.790394
REQ-IR-2026-0795,TMS,Deep Screening & Tamping,Pune - Miraj Line,UP Line,74.5748997,16.8675885,2,9,240,2026-08-27T20:53:12.790394
REQ-IR-2026-0796,TMS,Deep Screening & Tamping,Pune - Daund Line,UP Line,74.1677094,18.5014975,3,18,240,2026-08-19T14:12:12.790394
REQ-IR-2026-0797,SMMS,Signal Point Testing & Interlocking,Pune - Daund Line,Yard Siding,74.2905908,18.4902647,1,30,60,2026-08-07T09:52:12.790394
REQ-IR-2026-0798,TMS,USFD Rail Flaw Testing,Pune - Miraj Line,UP Line,74.4224479,17.2292345,3,16,120,2026-08-20T23:48:12.790394
REQ-IR-2026-0799,TMS,Deep Screening & Tamping,Pune - Daund Line,UP Line,74.5376662,18.4671159,1,10,240,2026-08-26T20:49:12.790394
REQ-IR-2026-0800,SMMS,Axle Counter & Track Circuit Check,Pune - Daund Line,DOWN Line,74.5582473,18.4652093,1,6,90,2026-08-31T05:59:12.790394
REQ-IR-2026-0801,TMS,Rail Joint Welding Inspection,Pune - Miraj Line,DOWN Line,74.0689041,18.0681862,2,15,90,2026-08-22T15:13:12.790394
REQ-IR-2026-0802,SMMS,Block Instrument Maintenance,Pune - Lonavala Line,DOWN Line,73.5656299,18.6777553,2,22,45,2026-08-15T18:57:12.790394
REQ-IR-2026-0803,TDMS,Substation Transformer Testing,Pune - Lonavala Line,Yard Siding,73.5978991,18.6621788,3,21,120,2026-08-16T13:04:12.790394
REQ-IR-2026-0804,TMS,Deep Screening & Tamping,Pune - Daund Line,DOWN Line,74.5556355,18.4655304,1,15,240,2026-08-22T19:07:12.790394
REQ-IR-2026-0805,TMS,USFD Rail Flaw Testing,Pune - Miraj Line,DOWN Line,73.9859657,18.2648355,2,17,120,2026-08-20T15:24:12.790394
REQ-IR-2026-0806,TMS,Deep Screening & Tamping,Pune - Daund Line,UP Line,74.0258568,18.5146646,2,25,240,2026-08-12T12:39:12.790394
REQ-IR-2026-0807,SMMS,Block Instrument Maintenance,Pune - Daund Line,UP Line,74.0324759,18.5141956,1,12,45,2026-08-25T01:29:12.790394
REQ-IR-2026-0808,TDMS,Substation Transformer Testing,Pune - Daund Line,DOWN Line,74.3105402,18.4884136,3,21,120,2026-08-16T05:51:12.790394
REQ-IR-2026-0809,SMMS,Axle Counter & Track Circuit Check,Pune - Lonavala Line,Yard Siding,73.722155,18.6022253,1,16,90,2026-08-21T16:06:12.790394
REQ-IR-2026-0810,TMS,Deep Screening & Tamping,Pune - Lonavala Line,Yard Siding,73.6799458,18.6226999,2,12,240,2026-08-25T08:00:12.790394
REQ-IR-2026-0811,SMMS,Signal Point Testing & Interlocking,Pune - Miraj Line,Yard Siding,74.2281993,17.6902748,2,24,60,2026-08-13T06:10:12.790394
REQ-IR-2026-0812,TMS,Deep Screening & Tamping,Pune - Miraj Line,UP Line,74.3018991,17.5157563,2,16,240,2026-08-20T21:18:12.790394
REQ-IR-2026-0813,TMS,Rail Joint Welding Inspection,Pune - Miraj Line,Yard Siding,74.4339798,17.2018964,2,11,90,2026-08-26T03:59:12.790394
REQ-IR-2026-0814,SMMS,Block Instrument Maintenance,Pune - Miraj Line,UP Line,74.1173509,17.9530103,5,3,45,2026-09-03T17:06:12.790394
REQ-IR-2026-0815,TDMS,Substation Transformer Testing,Pune - Miraj Line,UP Line,73.9282057,18.4016384,4,2,120,2026-09-04T18:24:12.790394
REQ-IR-2026-0816,TMS,Deep Screening & Tamping,Pune - Lonavala Line,DOWN Line,73.5702062,18.6753628,1,16,240,2026-08-21T01:40:12.790394
REQ-IR-2026-0817,SMMS,Signal Point Testing & Interlocking,Pune - Miraj Line,Yard Siding,74.477818,17.0987151,1,10,60,2026-08-27T00:37:12.790394
REQ-IR-2026-0818,TDMS,Neutral Section Inspection,Pune - Lonavala Line,Yard Siding,73.8706282,18.5306367,1,21,90,2026-08-16T03:24:12.790394
REQ-IR-2026-0819,TMS,USFD Rail Flaw Testing,Pune - Lonavala Line,DOWN Line,73.4768261,18.7205174,1,15,120,2026-08-21T22:14:12.790394
REQ-IR-2026-0820,TMS,USFD Rail Flaw Testing,Pune - Lonavala Line,DOWN Line,73.8656035,18.533213,1,25,120,2026-08-12T01:18:12.790394
REQ-IR-2026-0821,SMMS,Block Instrument Maintenance,Pune - Lonavala Line,UP Line,73.7684747,18.579833,2,20,45,2026-08-17T06:39:12.790394
REQ-IR-2026-0822,TMS,Rail Joint Welding Inspection,Pune - Lonavala Line,UP Line,73.8255009,18.5522942,5,2,90,2026-09-04T02:06:12.790394
REQ-IR-2026-0823,TMS,USFD Rail Flaw Testing,Pune - Miraj Line,UP Line,74.5030718,17.0381059,5,5,120,2026-08-31T23:48:12.790394
REQ-IR-2026-0824,TDMS,OHE Insulation & Cantilever Testing,Pune - Miraj Line,UP Line,74.1935422,17.772,1,28,180,2026-08-09T00:03:12.790394
REQ-IR-2026-0825,TDMS,OHE Insulation & Cantilever Testing,Pune - Miraj Line,DOWN Line,74.2241025,17.6998226,4,2,180,2026-09-04T03:49:12.790394
REQ-IR-2026-0826,TMS,Deep Screening & Tamping,Pune - Daund Line,Yard Siding,74.4772844,18.47292,1,16,240,2026-08-21T08:09:12.790394
REQ-IR-2026-0827,SMMS,Block Instrument Maintenance,Pune - Daund Line,Yard Siding,74.5093653,18.469834,1,20,45,2026-08-17T13:28:12.790394
REQ-IR-2026-0828,SMMS,Block Instrument Maintenance,Pune - Lonavala Line,UP Line,73.8390919,18.5457886,1,17,45,2026-08-20T04:05:12.790394
REQ-IR-2026-0829,SMMS,Signal Point Testing & Interlocking,Pune - Miraj Line,UP Line,73.9301605,18.3968827,3,23,60,2026-08-14T16:22:12.790394
REQ-IR-2026-0830,SMMS,Axle Counter & Track Circuit Check,Pune - Daund Line,Yard Siding,74.1528603,18.5030086,1,15,90,2026-08-21T21:00:12.790394
REQ-IR-2026-0831,SMMS,Block Instrument Maintenance,Pune - Miraj Line,DOWN Line,74.2092389,17.7353843,1,24,45,2026-08-13T02:11:12.790394
REQ-IR-2026-0832,TMS,Deep Screening & Tamping,Pune - Lonavala Line,UP Line,73.7176818,18.6043348,1,17,240,2026-08-20T11:12:12.790394
REQ-IR-2026-0833,SMMS,Block Instrument Maintenance,Pune - Lonavala Line,DOWN Line,73.6572929,18.6335754,1,17,45,2026-08-20T04:19:12.790394
REQ-IR-2026-0834,TDMS,Neutral Section Inspection,Pune - Lonavala Line,DOWN Line,73.5347232,18.6924046,2,16,90,2026-08-21T01:04:12.790394
REQ-IR-2026-0835,TDMS,OHE Insulation & Cantilever Testing,Pune - Lonavala Line,Yard Siding,73.4332643,18.7415238,3,12,180,2026-08-25T15:42:12.790394
REQ-IR-2026-0836,SMMS,Signal Point Testing & Interlocking,Pune - Miraj Line,UP Line,74.0086971,18.2103844,3,14,60,2026-08-23T05:43:12.790394
REQ-IR-2026-0837,TMS,Rail Joint Welding Inspection,Pune - Miraj Line,UP Line,74.2220329,17.7041759,2,17,90,2026-08-20T16:43:12.790394
REQ-IR-2026-0838,TMS,USFD Rail Flaw Testing,Pune - Daund Line,DOWN Line,74.3265307,18.4869862,4,3,120,2026-09-03T03:00:12.790394
REQ-IR-2026-0839,TMS,USFD Rail Flaw Testing,Pune - Lonavala Line,UP Line,73.5418293,18.6890353,3,8,120,2026-08-29T10:24:12.790394
REQ-IR-2026-0840,SMMS,Axle Counter & Track Circuit Check,Pune - Daund Line,DOWN Line,74.3290793,18.4867708,4,2,90,2026-09-04T09:31:12.790394
REQ-IR-2026-0841,SMMS,Block Instrument Maintenance,Pune - Daund Line,UP Line,74.4563521,18.4748677,2,12,45,2026-08-24T20:30:12.790394
REQ-IR-2026-0842,TMS,Rail Joint Welding Inspection,Pune - Daund Line,DOWN Line,74.2072461,18.4979885,1,8,90,2026-08-28T22:08:12.790394
REQ-IR-2026-0843,SMMS,Signal Point Testing & Interlocking,Pune - Miraj Line,DOWN Line,74.081578,18.038036,2,25,60,2026-08-12T04:51:12.790394
REQ-IR-2026-0844,TMS,Deep Screening & Tamping,Pune - Daund Line,UP Line,74.5494965,18.4660136,4,7,240,2026-08-30T04:03:12.790394
REQ-IR-2026-0845,TMS,Rail Joint Welding Inspection,Pune - Miraj Line,Yard Siding,73.900323,18.4671407,5,2,90,2026-09-04T06:38:12.790394
REQ-IR-2026-0846,TMS,USFD Rail Flaw Testing,Pune - Lonavala Line,UP Line,73.7222172,18.6023948,4,1,120,2026-09-05T18:34:12.790394
REQ-IR-2026-0847,TMS,Deep Screening & Tamping,Pune - Lonavala Line,Yard Siding,73.7551661,18.5861715,3,14,240,2026-08-23T16:07:12.790394
REQ-IR-2026-0848,TDMS,OHE Insulation & Cantilever Testing,Pune - Daund Line,UP Line,74.0198883,18.5153233,1,21,180,2026-08-16T16:51:12.790394
REQ-IR-2026-0849,TMS,Deep Screening & Tamping,Pune - Daund Line,DOWN Line,74.0585435,18.5117255,1,21,240,2026-08-16T11:26:12.790394
REQ-IR-2026-0850,SMMS,Axle Counter & Track Circuit Check,Pune - Daund Line,Yard Siding,74.547909,18.4662673,4,7,90,2026-08-29T21:12:12.790394
REQ-IR-2026-0851,SMMS,Signal Point Testing & Interlocking,Pune - Miraj Line,Yard Siding,74.1417119,17.8952343,5,1,60,2026-09-05T10:01:12.790394
REQ-IR-2026-0852,TMS,USFD Rail Flaw Testing,Pune - Miraj Line,Yard Siding,74.065844,18.0745822,1,23,120,2026-08-13T22:52:12.790394
REQ-IR-2026-0853,TMS,USFD Rail Flaw Testing,Pune - Lonavala Line,UP Line,73.7078362,18.6092694,3,20,120,2026-08-17T18:21:12.790394
REQ-IR-2026-0854,SMMS,Signal Point Testing & Interlocking,Pune - Lonavala Line,UP Line,73.5593246,18.6805051,3,18,60,2026-08-19T17:02:12.790394
REQ-IR-2026-0855,SMMS,Signal Point Testing & Interlocking,Pune - Daund Line,Yard Siding,74.1212364,18.5060118,2,13,60,2026-08-23T22:18:12.790394
REQ-IR-2026-0856,TDMS,Neutral Section Inspection,Pune - Miraj Line,UP Line,74.2111961,17.7302114,1,19,90,2026-08-18T13:17:12.790394
REQ-IR-2026-0857,TMS,Deep Screening & Tamping,Pune - Miraj Line,UP Line,73.9357568,18.3837148,3,17,240,2026-08-20T01:08:12.790394
REQ-IR-2026-0858,TMS,Rail Joint Welding Inspection,Pune - Miraj Line,Yard Siding,74.5264467,16.9831581,1,13,90,2026-08-24T04:06:12.790394
REQ-IR-2026-0859,TDMS,OHE Insulation & Cantilever Testing,Pune - Lonavala Line,DOWN Line,73.7684625,18.5799377,1,21,180,2026-08-16T17:17:12.790394
REQ-IR-2026-0860,TMS,USFD Rail Flaw Testing,Pune - Miraj Line,Yard Siding,74.1165916,17.9547845,4,4,120,2026-09-02T08:50:12.790394
REQ-IR-2026-0861,TDMS,OHE Insulation & Cantilever Testing,Pune - Lonavala Line,UP Line,73.8359492,18.5474904,1,21,180,2026-08-15T23:28:12.790394
REQ-IR-2026-0862,SMMS,Signal Point Testing & Interlocking,Pune - Miraj Line,UP Line,73.9770059,18.286001,1,13,60,2026-08-24T16:32:12.790394
REQ-IR-2026-0863,TMS,USFD Rail Flaw Testing,Pune - Miraj Line,Yard Siding,73.9895087,18.2564622,2,4,120,2026-09-02T18:54:12.790394
REQ-IR-2026-0864,SMMS,Axle Counter & Track Circuit Check,Pune - Lonavala Line,Yard Siding,73.6239779,18.6493337,1,16,90,2026-08-21T01:30:12.790394
REQ-IR-2026-0865,TDMS,Neutral Section Inspection,Pune - Daund Line,DOWN Line,73.9671834,18.5201329,4,3,90,2026-09-03T00:56:12.790394
REQ-IR-2026-0866,TMS,Rail Joint Welding Inspection,Pune - Miraj Line,Yard Siding,74.1810266,17.8018271,1,8,90,2026-08-29T01:35:12.790394
REQ-IR-2026-0867,TMS,USFD Rail Flaw Testing,Pune - Daund Line,DOWN Line,74.1885329,18.4997215,1,15,120,2026-08-22T13:01:12.790394
REQ-IR-2026-0868,TMS,USFD Rail Flaw Testing,Pune - Lonavala Line,DOWN Line,73.8092535,18.5604048,1,17,120,2026-08-20T00:42:12.790394
REQ-IR-2026-0869,TMS,USFD Rail Flaw Testing,Pune - Miraj Line,UP Line,74.2831561,17.5598659,3,15,120,2026-08-22T18:08:12.790394
REQ-IR-2026-0870,TMS,Deep Screening & Tamping,Pune - Miraj Line,DOWN Line,73.9621548,18.3212388,1,7,240,2026-08-30T09:14:12.790394
REQ-IR-2026-0871,TMS,Deep Screening & Tamping,Pune - Daund Line,UP Line,74.5688423,18.464132,1,12,240,2026-08-25T06:06:12.790394
REQ-IR-2026-0872,TMS,Deep Screening & Tamping,Pune - Lonavala Line,Yard Siding,73.873207,18.529343,1,1,240,2026-09-05T01:01:12.790394
REQ-IR-2026-0873,TMS,Deep Screening & Tamping,Pune - Lonavala Line,DOWN Line,73.4284327,18.7435423,1,15,240,2026-08-21T22:52:12.790394
REQ-IR-2026-0874,TMS,USFD Rail Flaw Testing,Pune - Lonavala Line,Yard Siding,73.5417098,18.6891167,1,19,120,2026-08-18T17:26:12.790394
REQ-IR-2026-0875,TMS,Rail Joint Welding Inspection,Pune - Miraj Line,DOWN Line,74.5525919,16.9209033,1,13,90,2026-08-24T16:03:12.790394
REQ-IR-2026-0876,SMMS,Signal Point Testing & Interlocking,Pune - Miraj Line,UP Line,74.4761023,17.1022562,1,8,60,2026-08-29T08:16:12.790394
REQ-IR-2026-0877,TMS,USFD Rail Flaw Testing,Pune - Lonavala Line,DOWN Line,73.6426182,18.6406029,1,23,120,2026-08-13T21:18:12.790394
REQ-IR-2026-0878,TMS,USFD Rail Flaw Testing,Pune - Miraj Line,UP Line,74.3586774,17.3811468,4,2,120,2026-09-04T13:02:12.790394
REQ-IR-2026-0879,SMMS,Signal Point Testing & Interlocking,Pune - Lonavala Line,Yard Siding,73.5203414,18.6995579,2,18,60,2026-08-19T09:48:12.790394
REQ-IR-2026-0880,SMMS,Axle Counter & Track Circuit Check,Pune - Lonavala Line,Yard Siding,73.6994804,18.6131404,2,22,90,2026-08-15T05:49:12.790394
REQ-IR-2026-0881,TMS,USFD Rail Flaw Testing,Pune - Daund Line,DOWN Line,74.465627,18.4739266,4,3,120,2026-09-03T16:29:12.790394
REQ-IR-2026-0882,SMMS,Signal Point Testing & Interlocking,Pune - Miraj Line,UP Line,74.3002376,17.5188872,1,23,60,2026-08-14T02:40:12.790394
REQ-IR-2026-0883,TMS,USFD Rail Flaw Testing,Pune - Daund Line,Yard Siding,74.3896446,18.4809859,2,18,120,2026-08-19T02:38:12.790394
REQ-IR-2026-0884,TMS,Deep Screening & Tamping,Pune - Daund Line,Yard Siding,74.120576,18.5058301,1,11,240,2026-08-26T06:24:12.790394
REQ-IR-2026-0885,TMS,USFD Rail Flaw Testing,Pune - Daund Line,DOWN Line,74.3425065,18.4851648,2,28,120,2026-08-08T21:36:12.790394
REQ-IR-2026-0886,SMMS,Axle Counter & Track Circuit Check,Pune - Miraj Line,DOWN Line,74.4574444,17.146654,1,24,90,2026-08-12T23:32:12.790394
REQ-IR-2026-0887,TDMS,OHE Insulation & Cantilever Testing,Pune - Daund Line,UP Line,74.1383692,18.5041508,1,10,180,2026-08-27T03:36:12.790394
REQ-IR-2026-0888,TMS,USFD Rail Flaw Testing,Pune - Miraj Line,UP Line,74.5342968,16.9642716,1,19,120,2026-08-18T04:08:12.790394
REQ-IR-2026-0889,TMS,USFD Rail Flaw Testing,Pune - Miraj Line,DOWN Line,74.0056881,18.2177516,1,17,120,2026-08-20T08:32:12.790394
REQ-IR-2026-0890,TMS,Rail Joint Welding Inspection,Pune - Daund Line,Yard Siding,74.1586338,18.502444,1,13,90,2026-08-24T11:07:12.790394
REQ-IR-2026-0891,TMS,Rail Joint Welding Inspection,Pune - Miraj Line,UP Line,74.0080554,18.2115049,3,16,90,2026-08-21T18:16:12.790394
REQ-IR-2026-0892,TMS,Rail Joint Welding Inspection,Pune - Lonavala Line,Yard Siding,73.6638849,18.630507,1,20,90,2026-08-17T11:39:12.790394
REQ-IR-2026-0893,TMS,USFD Rail Flaw Testing,Pune - Daund Line,DOWN Line,74.3691749,18.4827657,3,9,120,2026-08-28T17:24:12.790394
REQ-IR-2026-0894,TMS,Deep Screening & Tamping,Pune - Lonavala Line,DOWN Line,73.7293336,18.5986873,1,15,240,2026-08-22T02:38:12.790394
REQ-IR-2026-0895,TDMS,Neutral Section Inspection,Pune - Miraj Line,UP Line,73.915893,18.4308128,2,17,90,2026-08-19T22:21:12.790394
REQ-IR-2026-0896,TMS,Deep Screening & Tamping,Pune - Daund Line,DOWN Line,74.4153659,18.4784579,1,11,240,2026-08-26T02:47:12.790394
REQ-IR-2026-0897,SMMS,Signal Point Testing & Interlocking,Pune - Daund Line,Yard Siding,74.0394512,18.5136295,1,14,60,2026-08-23T12:43:12.790394
REQ-IR-2026-0898,TDMS,Neutral Section Inspection,Pune - Lonavala Line,DOWN Line,73.5688049,18.6759998,3,12,90,2026-08-25T19:00:12.790394
REQ-IR-2026-0899,SMMS,Block Instrument Maintenance,Pune - Lonavala Line,UP Line,73.6366918,18.6434751,2,14,45,2026-08-22T20:06:12.790394
REQ-IR-2026-0900,TMS,Deep Screening & Tamping,Pune - Daund Line,UP Line,74.1636181,18.5019269,3,4,240,2026-09-02T13:21:12.790394
REQ-IR-2026-0901,TMS,Rail Joint Welding Inspection,Pune - Lonavala Line,UP Line,73.690346,18.6173281,1,21,90,2026-08-16T08:35:12.790394
REQ-IR-2026-0902,TDMS,OHE Insulation & Cantilever Testing,Pune - Daund Line,UP Line,74.1233488,18.5056186,5,1,180,2026-09-05T13:34:12.790394
REQ-IR-2026-0903,SMMS,Signal Point Testing & Interlocking,Pune - Daund Line,UP Line,74.5042816,18.4702514,1,14,60,2026-08-22T23:19:12.790394
REQ-IR-2026-0904,TMS,Deep Screening & Tamping,Pune - Lonavala Line,UP Line,73.6757216,18.6247593,1,13,240,2026-08-24T04:38:12.790394
REQ-IR-2026-0905,TMS,Deep Screening & Tamping,Pune - Daund Line,UP Line,74.2236302,18.496214,3,17,240,2026-08-20T12:59:12.790394
REQ-IR-2026-0906,SMMS,Signal Point Testing & Interlocking,Pune - Daund Line,DOWN Line,74.1692866,18.5014317,4,1,60,2026-09-05T03:04:12.790394
REQ-IR-2026-0907,SMMS,Signal Point Testing & Interlocking,Pune - Daund Line,UP Line,73.9502087,18.5219242,4,1,60,2026-09-05T05:23:12.790394
REQ-IR-2026-0908,TDMS,OHE Insulation & Cantilever Testing,Pune - Daund Line,UP Line,74.0038091,18.5169237,1,19,180,2026-08-18T14:54:12.790394
REQ-IR-2026-0909,SMMS,Signal Point Testing & Interlocking,Pune - Miraj Line,Yard Siding,74.1816725,17.800441,1,17,60,2026-08-19T20:28:12.790394
REQ-IR-2026-0910,TMS,Rail Joint Welding Inspection,Pune - Daund Line,UP Line,74.4391057,18.4761488,2,10,90,2026-08-26T21:51:12.790394
REQ-IR-2026-0911,TDMS,OHE Insulation & Cantilever Testing,Pune - Miraj Line,UP Line,73.9061569,18.4536322,1,22,180,2026-08-15T04:57:12.790394
REQ-IR-2026-0912,TMS,Deep Screening & Tamping,Pune - Lonavala Line,UP Line,73.6091947,18.656596,2,15,240,2026-08-21T20:44:12.790394
REQ-IR-2026-0913,TMS,Rail Joint Welding Inspection,Pune - Miraj Line,DOWN Line,74.0794946,18.0429856,2,36,90,2026-08-01T16:59:12.790394
REQ-IR-2026-0914,TMS,Deep Screening & Tamping,Pune - Daund Line,DOWN Line,74.5768315,18.4633274,2,15,240,2026-08-21T23:36:12.790394
REQ-IR-2026-0915,TDMS,OHE Insulation & Cantilever Testing,Pune - Daund Line,DOWN Line,74.0060152,18.5167447,2,13,180,2026-08-24T10:13:12.790394
REQ-IR-2026-0916,TMS,USFD Rail Flaw Testing,Pune - Lonavala Line,Yard Siding,73.7647285,18.5818652,2,11,120,2026-08-26T11:07:12.790394
REQ-IR-2026-0917,TDMS,Neutral Section Inspection,Pune - Miraj Line,UP Line,74.1845715,17.7938433,1,23,90,2026-08-14T07:40:12.790394
REQ-IR-2026-0918,TMS,Rail Joint Welding Inspection,Pune - Daund Line,UP Line,74.1814353,18.5001706,3,22,90,2026-08-15T10:57:12.790394
REQ-IR-2026-0919,TMS,Rail Joint Welding Inspection,Pune - Miraj Line,DOWN Line,74.3732653,17.3459674,2,31,90,2026-08-06T16:24:12.790394
REQ-IR-2026-0920,SMMS,Signal Point Testing & Interlocking,Pune - Miraj Line,DOWN Line,74.5335841,16.9654981,1,22,60,2026-08-14T21:44:12.790394
REQ-IR-2026-0921,TMS,Rail Joint Welding Inspection,Pune - Daund Line,Yard Siding,74.2799221,18.4911784,1,10,90,2026-08-27T16:33:12.790394
REQ-IR-2026-0922,TMS,Deep Screening & Tamping,Pune - Lonavala Line,DOWN Line,73.51006,18.7042976,3,10,240,2026-08-27T13:23:12.790394
REQ-IR-2026-0923,TMS,USFD Rail Flaw Testing,Pune - Daund Line,UP Line,74.4464824,18.4755444,3,22,120,2026-08-15T13:16:12.790394
REQ-IR-2026-0924,SMMS,Signal Point Testing & Interlocking,Pune - Daund Line,DOWN Line,74.095575,18.5084893,1,21,60,2026-08-16T16:41:12.790394
REQ-IR-2026-0925,TMS,USFD Rail Flaw Testing,Pune - Daund Line,UP Line,74.1379003,18.5045165,5,1,120,2026-09-05T00:12:12.790394
REQ-IR-2026-0926,TDMS,Substation Transformer Testing,Pune - Lonavala Line,DOWN Line,73.734841,18.5961745,2,32,120,2026-08-05T06:35:12.790394
REQ-IR-2026-0927,TMS,USFD Rail Flaw Testing,Pune - Miraj Line,Yard Siding,74.4499048,17.1647668,1,12,120,2026-08-25T16:20:12.790394
REQ-IR-2026-0928,TMS,Rail Joint Welding Inspection,Pune - Miraj Line,DOWN Line,74.2861406,17.5523798,1,9,90,2026-08-28T02:53:12.790394
REQ-IR-2026-0929,TDMS,Neutral Section Inspection,Pune - Miraj Line,Yard Siding,73.8879859,18.4970691,1,14,90,2026-08-23T11:25:12.790394
REQ-IR-2026-0930,TMS,Deep Screening & Tamping,Pune - Daund Line,DOWN Line,74.4328736,18.4769793,4,4,240,2026-09-02T19:24:12.790394
REQ-IR-2026-0931,TMS,Deep Screening & Tamping,Pune - Miraj Line,Yard Siding,74.0244087,18.172657,2,9,240,2026-08-27T20:53:12.790394
REQ-IR-2026-0932,TMS,USFD Rail Flaw Testing,Pune - Lonavala Line,Yard Siding,73.479686,18.7189746,1,13,120,2026-08-24T11:18:12.790394
REQ-IR-2026-0933,SMMS,Signal Point Testing & Interlocking,Pune - Lonavala Line,Yard Siding,73.7992561,18.5649865,1,17,60,2026-08-20T00:22:12.790394
REQ-IR-2026-0934,TMS,Rail Joint Welding Inspection,Pune - Lonavala Line,UP Line,73.6109199,18.6557479,4,1,90,2026-09-05T05:57:12.790394
REQ-IR-2026-0935,TMS,Deep Screening & Tamping,Pune - Lonavala Line,UP Line,73.7621699,18.582935,3,18,240,2026-08-19T03:11:12.790394
REQ-IR-2026-0936,TMS,USFD Rail Flaw Testing,Pune - Miraj Line,UP Line,74.2741834,17.5812479,2,18,120,2026-08-19T19:07:12.790394
REQ-IR-2026-0937,TDMS,OHE Insulation & Cantilever Testing,Pune - Miraj Line,Yard Siding,74.1604974,17.8510469,3,18,180,2026-08-19T03:22:12.790394
REQ-IR-2026-0938,SMMS,Axle Counter & Track Circuit Check,Pune - Daund Line,UP Line,74.0395732,18.5134134,2,20,90,2026-08-17T11:31:12.790394
REQ-IR-2026-0939,TMS,Deep Screening & Tamping,Pune - Miraj Line,Yard Siding,74.4543801,17.1538377,2,14,240,2026-08-23T03:35:12.790394
REQ-IR-2026-0940,SMMS,Axle Counter & Track Circuit Check,Pune - Daund Line,UP Line,73.8810869,18.5283049,1,16,90,2026-08-21T12:27:12.790394
REQ-IR-2026-0941,TMS,Deep Screening & Tamping,Pune - Lonavala Line,DOWN Line,73.4476811,18.7342445,2,19,240,2026-08-18T03:45:12.790394
REQ-IR-2026-0942,TMS,USFD Rail Flaw Testing,Pune - Daund Line,UP Line,74.2258638,18.496008,1,15,120,2026-08-22T12:05:12.790394
REQ-IR-2026-0943,TMS,USFD Rail Flaw Testing,Pune - Lonavala Line,Yard Siding,73.4462977,18.7349696,2,18,120,2026-08-19T01:28:12.790394
REQ-IR-2026-0944,SMMS,Signal Point Testing & Interlocking,Pune - Lonavala Line,Yard Siding,73.6973709,18.6141262,1,20,60,2026-08-16T23:37:12.790394
REQ-IR-2026-0945,TMS,USFD Rail Flaw Testing,Pune - Lonavala Line,UP Line,73.6308342,18.6461566,1,25,120,2026-08-12T09:19:12.790394
REQ-IR-2026-0946,TMS,Rail Joint Welding Inspection,Pune - Lonavala Line,DOWN Line,73.6030092,18.659417,1,11,90,2026-08-25T22:36:12.790394
REQ-IR-2026-0947,TMS,Deep Screening & Tamping,Pune - Daund Line,DOWN Line,74.1870794,18.4997575,4,6,240,2026-08-31T13:35:12.790394
REQ-IR-2026-0948,SMMS,Axle Counter & Track Circuit Check,Pune - Miraj Line,DOWN Line,74.2119724,17.728809,1,30,90,2026-08-07T11:32:12.790394
REQ-IR-2026-0949,TMS,USFD Rail Flaw Testing,Pune - Daund Line,UP Line,74.1788003,18.500502,3,18,120,2026-08-19T05:42:12.790394
REQ-IR-2026-0950,TDMS,OHE Insulation & Cantilever Testing,Pune - Lonavala Line,Yard Siding,73.7219133,18.6023062,1,24,180,2026-08-13T17:12:12.790394
REQ-IR-2026-0951,TDMS,Neutral Section Inspection,Pune - Miraj Line,Yard Siding,74.2949737,17.5314171,1,20,90,2026-08-16T22:05:12.790394
REQ-IR-2026-0952,TMS,USFD Rail Flaw Testing,Pune - Lonavala Line,Yard Siding,73.5848479,18.6682179,1,14,120,2026-08-23T19:01:12.790394
REQ-IR-2026-0953,SMMS,Signal Point Testing & Interlocking,Pune - Daund Line,Yard Siding,73.9926907,18.5179632,3,11,60,2026-08-26T00:18:12.790394
REQ-IR-2026-0954,TMS,Deep Screening & Tamping,Pune - Daund Line,UP Line,74.1045973,18.5073086,2,27,240,2026-08-10T14:33:12.790394
REQ-IR-2026-0955,TMS,Rail Joint Welding Inspection,Pune - Daund Line,DOWN Line,74.1728435,18.5010583,1,18,90,2026-08-19T01:03:12.790394
REQ-IR-2026-0956,SMMS,Axle Counter & Track Circuit Check,Pune - Daund Line,DOWN Line,74.0537895,18.5123824,2,26,90,2026-08-11T14:15:12.790394
REQ-IR-2026-0957,TDMS,Neutral Section Inspection,Pune - Daund Line,DOWN Line,73.962311,18.520644,1,14,90,2026-08-23T00:04:12.790394
REQ-IR-2026-0958,SMMS,Axle Counter & Track Circuit Check,Pune - Daund Line,DOWN Line,74.0261577,18.5146639,4,5,90,2026-09-01T03:47:12.790394
REQ-IR-2026-0959,SMMS,Axle Counter & Track Circuit Check,Pune - Lonavala Line,DOWN Line,73.6030185,18.6595604,1,18,90,2026-08-19T05:43:12.790394
REQ-IR-2026-0960,SMMS,Signal Point Testing & Interlocking,Pune - Miraj Line,UP Line,74.0029583,18.224055,1,19,60,2026-08-17T19:59:12.790394
REQ-IR-2026-0961,SMMS,Signal Point Testing & Interlocking,Pune - Miraj Line,Yard Siding,74.2632801,17.6069549,4,1,60,2026-09-05T14:47:12.790394
REQ-IR-2026-0962,TDMS,Neutral Section Inspection,Pune - Miraj Line,DOWN Line,74.2454247,17.6489376,2,27,90,2026-08-10T06:52:12.790394
REQ-IR-2026-0963,TDMS,Neutral Section Inspection,Pune - Daund Line,UP Line,73.9436735,18.5222939,1,19,90,2026-08-18T13:41:12.790394
REQ-IR-2026-0964,TMS,USFD Rail Flaw Testing,Pune - Daund Line,DOWN Line,73.9152167,18.5252142,3,39,120,2026-07-28T22:45:12.790394
REQ-IR-2026-0965,TMS,USFD Rail Flaw Testing,Pune - Lonavala Line,DOWN Line,73.7960288,18.5667175,1,22,120,2026-08-14T21:29:12.790394
REQ-IR-2026-0966,TMS,Deep Screening & Tamping,Pune - Lonavala Line,Yard Siding,73.4769817,18.7203173,1,19,240,2026-08-18T16:59:12.790394
REQ-IR-2026-0967,TDMS,OHE Insulation & Cantilever Testing,Pune - Daund Line,DOWN Line,74.4050894,18.4794556,1,20,180,2026-08-17T00:54:12.790394
REQ-IR-2026-0968,TDMS,Neutral Section Inspection,Pune - Daund Line,DOWN Line,74.224187,18.4961864,1,15,90,2026-08-22T14:46:12.790394
REQ-IR-2026-0969,SMMS,Axle Counter & Track Circuit Check,Pune - Daund Line,UP Line,74.2639918,18.4924865,2,25,90,2026-08-11T21:13:12.790394
REQ-IR-2026-0970,TMS,Deep Screening & Tamping,Pune - Miraj Line,DOWN Line,73.9686257,18.3060086,3,14,240,2026-08-22T19:55:12.790394
REQ-IR-2026-0971,SMMS,Block Instrument Maintenance,Pune - Miraj Line,Yard Siding,74.2484392,17.6418171,2,26,45,2026-08-10T19:52:12.790394
REQ-IR-2026-0972,TMS,USFD Rail Flaw Testing,Pune - Daund Line,DOWN Line,73.9778619,18.5193405,3,27,120,2026-08-10T16:15:12.790394
REQ-IR-2026-0973,SMMS,Axle Counter & Track Circuit Check,Pune - Daund Line,UP Line,74.2759104,18.4916546,1,11,90,2026-08-26T04:50:12.790394
REQ-IR-2026-0974,SMMS,Axle Counter & Track Circuit Check,Pune - Miraj Line,DOWN Line,74.5549825,16.9152083,2,12,90,2026-08-25T17:10:12.790394
REQ-IR-2026-0975,TMS,USFD Rail Flaw Testing,Pune - Lonavala Line,UP Line,73.6823837,18.6214654,1,15,120,2026-08-22T17:11:12.790394
REQ-IR-2026-0976,SMMS,Signal Point Testing & Interlocking,Pune - Lonavala Line,DOWN Line,73.5722507,18.674403,1,20,60,2026-08-17T11:54:12.790394
REQ-IR-2026-0977,SMMS,Signal Point Testing & Interlocking,Pune - Miraj Line,UP Line,73.8918227,18.4881074,3,21,60,2026-08-15T21:27:12.790394
REQ-IR-2026-0978,TMS,Rail Joint Welding Inspection,Pune - Lonavala Line,DOWN Line,73.5269523,18.6962365,3,25,90,2026-08-12T08:37:12.790394
REQ-IR-2026-0979,SMMS,Block Instrument Maintenance,Pune - Lonavala Line,Yard Siding,73.4094756,18.752764,2,13,45,2026-08-24T13:58:12.790394
REQ-IR-2026-0980,TMS,USFD Rail Flaw Testing,Pune - Daund Line,UP Line,74.2083861,18.4976129,3,14,120,2026-08-23T17:23:12.790394
REQ-IR-2026-0981,SMMS,Axle Counter & Track Circuit Check,Pune - Miraj Line,DOWN Line,74.3051272,17.5070684,4,1,90,2026-09-04T23:05:12.790394
REQ-IR-2026-0982,TMS,Deep Screening & Tamping,Pune - Miraj Line,UP Line,74.3375272,17.4310289,1,26,240,2026-08-11T03:03:12.790394
REQ-IR-2026-0983,TDMS,OHE Insulation & Cantilever Testing,Pune - Miraj Line,Yard Siding,74.4775434,17.0990351,3,22,180,2026-08-15T07:56:12.790394
REQ-IR-2026-0984,SMMS,Signal Point Testing & Interlocking,Pune - Daund Line,UP Line,74.111104,18.5067496,1,21,60,2026-08-16T14:50:12.790394
REQ-IR-2026-0985,TMS,Rail Joint Welding Inspection,Pune - Miraj Line,UP Line,74.2633581,17.6062286,3,27,90,2026-08-10T07:25:12.790394
REQ-IR-2026-0986,SMMS,Axle Counter & Track Circuit Check,Pune - Daund Line,UP Line,74.0066729,18.5165341,1,22,90,2026-08-15T18:17:12.790394
REQ-IR-2026-0987,SMMS,Signal Point Testing & Interlocking,Pune - Lonavala Line,DOWN Line,73.8735393,18.5291866,3,22,60,2026-08-15T09:50:12.790394
REQ-IR-2026-0988,TMS,Deep Screening & Tamping,Pune - Miraj Line,DOWN Line,73.9717555,18.298373,2,9,240,2026-08-27T21:35:12.790394
REQ-IR-2026-0989,TMS,Deep Screening & Tamping,Pune - Daund Line,DOWN Line,74.5025326,18.470258,4,1,240,2026-09-05T02:43:12.790394
REQ-IR-2026-0990,TMS,USFD Rail Flaw Testing,Pune - Lonavala Line,UP Line,73.4142138,18.7507373,3,20,120,2026-08-17T01:58:12.790394
REQ-IR-2026-0991,TMS,Rail Joint Welding Inspection,Pune - Miraj Line,DOWN Line,74.132661,17.9167261,2,16,90,2026-08-21T13:50:12.790394
REQ-IR-2026-0992,TMS,Deep Screening & Tamping,Pune - Lonavala Line,Yard Siding,73.4060092,18.7546474,2,19,240,2026-08-18T06:20:12.790394
REQ-IR-2026-0993,TMS,Deep Screening & Tamping,Pune - Daund Line,Yard Siding,74.343058,18.4851148,3,36,240,2026-08-01T04:15:12.790394
REQ-IR-2026-0994,TMS,Deep Screening & Tamping,Pune - Lonavala Line,Yard Siding,73.5752527,18.6731768,3,13,240,2026-08-24T06:04:12.790394
REQ-IR-2026-0995,TMS,Deep Screening & Tamping,Pune - Daund Line,DOWN Line,74.137208,18.5043555,3,18,240,2026-08-19T04:01:12.790394
REQ-IR-2026-0996,TDMS,Neutral Section Inspection,Pune - Miraj Line,Yard Siding,74.2518255,17.6341577,4,3,90,2026-09-03T10:00:12.790394
REQ-IR-2026-0997,SMMS,Signal Point Testing & Interlocking,Pune - Daund Line,Yard Siding,74.5650233,18.464534,1,3,60,2026-09-03T05:59:12.790394
REQ-IR-2026-0998,TMS,Deep Screening & Tamping,Pune - Miraj Line,Yard Siding,74.4129847,17.2518646,1,21,240,2026-08-16T16:51:12.790394
REQ-IR-2026-0999,SMMS,Axle Counter & Track Circuit Check,Pune - Miraj Line,DOWN Line,74.1344384,17.9120458,1,17,90,2026-08-20T06:36:12.790394
REQ-IR-2026-1000,TDMS,OHE Insulation & Cantilever Testing,Pune - Miraj Line,Yard Siding,74.4673899,17.1232593,1,21,180,2026-08-15T23:31:12.790394
